S.No,Country,City,Company,LINKEDIN LINK,Website,Tech Need / Problem,EMAIL,CONTACT,Google Map,Category,Reviews,Comments
1,India,Patna,New Kiran Medical Store,N/A,N/A,N/A,N/A,9334543581,https://maps.app.goo.gl/uH1JAMWHExKkmf5S7,Pharmacy,3.0,1
2,India,Patna,MED X PHARMA,N/A,N/A,N/A,N/A,9955992582,https://maps.app.goo.gl/UftJro5otDVvZsZBA,Pharmacy,5.0,1
3,India,Patna,Lal Medical,N/A,N/A,N/A,N/A,9334122065,https://maps.app.goo.gl/oDXSHdX2jVcEH1v19,Pharmacy,3.6,7
4,India,Patna,Singh Medical,N/A,N/A,N/A,N/A,7549734037,https://maps.app.goo.gl/NbCTaQVe6LtK9VSNA,Pharmacy,5.0,6
5,India,Patna,New homeo popular pharmacy,N/A,N/A,N/A,N/A,9835497225,https://maps.app.goo.gl/oFTWHADNdVPKdV14A,Pharmacy,4.2,37
6,India,Patna,Anushka Medical Hall,N/A,N/A,N/A,N/A,9135965910,https://maps.app.goo.gl/52pr8rSygE9RGFhK8,Pharmacy,0.0,0
7,India,Patna,Mukesh Medical,N/A,N/A,N/A,N/A,8676918009,https://maps.app.goo.gl/zMQH6aXeE55UMowHA,Pharmacy,0.0,0
8,India,Patna,Patna Medical Hall,N/A,N/A,N/A,N/A,9771381510,https://maps.app.goo.gl/F6qen9nsYsNEEyZP8,Pharmacy,0.0,0
9,India,Patna,Krishna Medical Hall,N/A,N/A,N/A,N/A,8294655411,https://maps.app.goo.gl/N2bG7AtfuXfKJe3K6,Pharmacy,0.0,0
10,India,Patna,LUCKY MEDICAL,N/A,N/A,N/A,N/A,9097348358,https://maps.app.goo.gl/Su6G45wK2U4DxT1W9,Pharmacy,4.2,10
11,USA,South Carolina,Able Garage,N/A,N/A,N/A,N/A,18038293546,https://maps.app.goo.gl/cdNAw7z3EeBwYiGU8,Garage,4.2,40
12,USA,South Carolina,Agner's Garage,N/A,N/A,N/A,N/A,18645434657,https://maps.app.goo.gl/R12dD3KhDdgTz4Hs7,Garage,4.6,17
13,USA,South Carolina,Mike's Garage Inc,N/A,N/A,N/A,N/A,18033455650,https://maps.app.goo.gl/LQfHca8wirVX9mhaA,Garage,4.9,27
14,USA,South Carolina,Jeffcoat's Garage,N/A,N/A,N/A,N/A,18039559903,https://maps.app.goo.gl/vdoew1Uhcy3EjnTN7,Garage,4.4,67
15,USA,South Carolina,Woods Garage,N/A,N/A,N/A,N/A,18435869571,https://maps.app.goo.gl/dv9PBwStKq3ci35H9,Garage,4.6,23
16,India,Patna,New Kavita Medical Hall,N/A,N/A,N/A,N/A,9229734565,https://maps.app.goo.gl/U463aSdbq4NVcXfs9,Pharmacy,0.0,0
17,India,Patna,Aman Medical Hall,N/A,N/A,N/A,N/A,7654963007,https://maps.app.goo.gl/9L2KVEnLSEXrACmk9,Pharmacy,5.0,1
18,India,Patna,Maa Gayatri Pharma Medical Store,N/A,N/A,N/A,N/A,9625290349,https://maps.app.goo.gl/PuMkhEmfNTz1RErN9,Pharmacy,1.0,1
19,India,Patna,Life Link Medical,N/A,N/A,N/A,N/A,9771955855,https://maps.app.goo.gl/kV5f6ZoYV61RqJx3A,Pharmacy,0.0,0
20,India,Patna,Gautam Medical Store,N/A,N/A,N/A,N/A,8521142942,https://maps.app.goo.gl/EMGNJDbema21wQGi9,Pharmacy,0.0,0
21,India,Patna,Jain Medical Hall,N/A,N/A,N/A,N/A,8271685897,https://maps.app.goo.gl/ryUd1urtQT67zgH97,Pharmacy,4.0,2
22,India,Patna,NIROGYAM,N/A,N/A,N/A,N/A,6122355537,https://maps.app.goo.gl/Ab3cS9uvtLz6KbBw5,Pharmacy,3.2,40
23,India,Patna,Sujata Medical Hall,N/A,N/A,N/A,N/A,9576866142,https://maps.app.goo.gl/pgW8DPbvUd7651Se7,Pharmacy,3.0,2
24,India,Patna,Dolly Medical,N/A,N/A,N/A,N/A,9279191532,https://maps.app.goo.gl/XFs8mYkjszMVYf1Z6,Pharmacy,0.0,0
25,India,Patna,New Hind Medical,N/A,N/A,N/A,N/A,8521243704,https://maps.app.goo.gl/R8M2mBc2JjbH6Ya79,Pharmacy,0.0,0
26,India,Patna,Guddu AutoMobile,N/A,N/A,N/A,N/A,9155746086,https://maps.app.goo.gl/2mCzGTh8XaGHawFy6,Garage,4.8,42
27,India,Patna,Vikash garage,N/A,N/A,N/A,N/A,6299352400,https://maps.app.goo.gl/REZYWsgq9aNCrCn3A,Garage,5.0,41
28,India,Patna,Geraj maa tara automobiles,N/A,N/A,N/A,N/A,9308747255,https://maps.app.goo.gl/SX3itGQjLksTHbDv8,Garage,4.6,72
29,India,Patna,Sagar Motor Garage,N/A,N/A,N/A,N/A,9835482079,https://maps.app.goo.gl/gqT3Awho92Fh5yRu7,Garage,4.5,12
30,India,Patna,Patna car service,N/A,N/A,N/A,N/A,8398970970,https://maps.app.goo.gl/zN19fpcrey45itQA8,Garage,5.0,1
31,USA,South Carolina,Paws and Performance Garage,N/A,N/A,N/A,N/A,18036060055,https://maps.app.goo.gl/Km6sMvBU7HwTsEFJ6,Garage,4.7,56
32,USA,South Carolina,Vern's Garage,N/A,N/A,N/A,N/A,18035684366,https://maps.app.goo.gl/sHiUNcHCZMwsvaB28,Garage,4.7,18
33,USA,South Carolina,McDonnys Auto Service,N/A,N/A,N/A,N/A,18033568267,https://maps.app.goo.gl/QaewtENsVJhkiTzF8,Garage,4.7,71
34,USA,South Carolina,Trinity GarageDoor Services,N/A,N/A,N/A,N/A,18032403090,https://maps.app.goo.gl/9KmfMEAZELEGsnQX8,Garage,5.0,3
35,USA,South Carolina,A-1 Door Repair Service Inc,N/A,N/A,N/A,N/A,18034081131,https://maps.app.goo.gl/tc8X1ZSmKbrQDriK9,Garage,2.9,8
36,India,Patna,AS MOTOR,N/A,N/A,N/A,N/A,9835266357,https://maps.app.goo.gl/nkWQJ8r9hQnYPFmL8,Garage,4.4,12
37,India,Patna,Mahindra First Choice Service Centre,N/A,N/A,N/A,N/A,7257004806,https://maps.app.goo.gl/517Mc9mHHjHSuyPT9,Garage,4.0,235
38,India,Patna,Aman Motors,N/A,N/A,N/A,N/A,9162837523,https://maps.app.goo.gl/6GdH3D7bGQKanbBW8,Garage,3.7,13
39,India,Patna,Sonu Bullet repairing Centre,N/A,N/A,N/A,N/A,9431072702,https://maps.app.goo.gl/QY71Hau4XCiGeZBcA,Garage,4.7,57
40,India,Patna,Mahindra Service Centre,N/A,N/A,N/A,N/A,9334128395,https://maps.app.goo.gl/XQ2vmAnASTHfb6Uk8,Garage,3.8,625
41,India,Patna,GoMechanic - Vehicle Repair Center,N/A,N/A,N/A,N/A,8398970970,https://maps.app.goo.gl/QFVCckhpriV3uoGJA,Garage,3.7,3
42,India,Patna,Maa Laxmi Maruti Workshop,N/A,N/A,N/A,N/A,8434215277,https://maps.app.goo.gl/WQVxxXgVfXHpaTij6,Garage,5.0,5
43,India,Patna,Shyam Auto Accesories - S.N Vehicle,N/A,N/A,N/A,N/A,9835041553,https://maps.app.goo.gl/oCefhK7tZp4TCCfQ7,Garage,3.9,910
44,India,Patna,The Foodie Mall Restaurant & Banquet,N/A,N/A,N/A,N/A,7260860077,https://maps.app.goo.gl/qz5TXcz3kxjCLRMv5,Restaurant,4.8,539
45,India,Patna,Amritsar Haveli Patna,N/A,N/A,N/A,N/A,6123546985,https://maps.app.goo.gl/St9PezKehnXZRhNk8,Restaurant,4.7,1950
46,India,Patna,Bansi Vihar Restaurant,N/A,N/A,N/A,N/A,6122224804,https://maps.app.goo.gl/D1ir7si97J7E5qFr9,Restaurant,4.0,9823
47,India,Patna,The Potbelly – Patna,N/A,N/A,N/A,N/A,7091910283,https://maps.app.goo.gl/SPLvgkNtfUd3Eb1s8,Restaurant,4.1,254
48,India,Patna,10 TO 10 RESTAURANT AND PARTY HALL,N/A,N/A,N/A,N/A,9955999284,https://maps.app.goo.gl/5eLx3AdYzpS1GZb36,Restaurant,4.5,212
49,India,Patna,The Delhi Story,N/A,N/A,N/A,N/A,9289028709,https://maps.app.goo.gl/ZTL8t1Jsatq5X7TLA,Restaurant,4.2,405
50,India,Patna,Basant Vihar,N/A,N/A,N/A,N/A,6122220996,https://maps.app.goo.gl/ZWvXzFfE29vVmwqL9,Restaurant,4.1,5099
51,USA,South Carolina,Harvard Wine & Beverage,N/A,N/A,N/A,N/A,18035021909,https://maps.app.goo.gl/ypZBMCtFP64dk7a76,Liquor shop,4.6,503
52,USA,South Carolina,KILLIAN WINE & SPIRITS,N/A,N/A,N/A,N/A,18038142544,https://maps.app.goo.gl/EhTE5ncjWvZj8xnc7,Liquor shop,4.6,623
53,USA,South Carolina,Booze Barn,N/A,N/A,N/A,N/A,18039391011,https://maps.app.goo.gl/zNUZKJhjnNspqiAd8,Liquor shop,4.0,42
54,USA,South Carolina,Country Spirits LLC,N/A,N/A,N/A,N/A,18037645704,https://maps.app.goo.gl/P8CKDLQvWocS65uW7,Liquor shop,4.9,17
55,USA,South Carolina,LEXINGTON WINES & SPIRITS,N/A,N/A,N/A,N/A,18034677276,https://maps.app.goo.gl/uqt23BKm6FCVJZEb7,Liquor shop,3.5,26
56,India,Patna,PANASIA Restaurant,N/A,N/A,N/A,N/A,9570236381,https://maps.app.goo.gl/aq8T1JRD8BhZRANs6,Restaurant,4.3,607
57,India,Patna,Four Seasons,N/A,N/A,N/A,N/A,7631415151,https://maps.app.goo.gl/SdooJgp6LwZJFa5L7,Restaurant,4.4,456
58,India,Patna,TERA & MERA RESTAURANT,N/A,N/A,N/A,N/A,8102476228,https://maps.app.goo.gl/hdNo88Mn72VsxNUK6,Restaurant,4.3,151
59,India,Patna,The Royal Jail Restro,N/A,N/A,N/A,N/A,9065668055,https://maps.app.goo.gl/icm8LMcszdRgJTto9,Restaurant,4.3,1844
60,India,Patna,NIRVANA The Fine Dine,N/A,N/A,N/A,N/A,9386816409,https://maps.app.goo.gl/A92GRc1kaAfBsEdu9,Restaurant,4.1,5196
61,India,Patna,Raj food solution,N/A,N/A,N/A,N/A,8789389991,https://maps.app.goo.gl/amBnvPAXo417QBreA,Restaurant,4.8,252
62,India,Patna,10 Hour's Family Restaurant,N/A,N/A,N/A,N/A,9110010118,https://maps.app.goo.gl/XuG2iHUp3jCZsN7Q6,Restaurant,4.7,17
63,India,Patna,Skyfall rooftop restaurant,N/A,N/A,N/A,N/A,9031027446,https://maps.app.goo.gl/nByCgnvYfGGqG52X7,Restaurant,3.9,346
64,India,Patna,Rajdarbar family Restaurant,N/A,N/A,N/A,N/A,9334114573,https://maps.app.goo.gl/viRfe1L4RsGzrCzg6,Restaurant,3.9,1348
65,India,Patna,Proso Pyare,N/A,N/A,N/A,N/A,9525516555,https://maps.app.goo.gl/g7566bR5FcABserg6,Restaurant,4.4,360
66,India,Patna,Om Vihar Restaurant,N/A,N/A,N/A,N/A,9693295738,https://maps.app.goo.gl/vj3Phpf4C8q4MkVHA,Restaurant,3.9,775
67,India,Patna,Madhuram Restaurant & Cáfè,N/A,N/A,N/A,N/A,7857964970,https://maps.app.goo.gl/1jm8PKTkoZwZvA9ZA,Restaurant,4.2,707
68,India,Patna,VANI'S KITCHEN.,N/A,N/A,N/A,N/A,9771499577,https://maps.app.goo.gl/rnFB7ren9LvtTQnL8,Restaurant,4.3,216
69,India,Patna,Ghar Aangan Restaurant,N/A,N/A,N/A,N/A,9934523064,https://maps.app.goo.gl/fNsNRgMbXt84WRhe7,Restaurant,3.6,1216
70,USA,South Carolina,Liquor Depot,N/A,N/A,N/A,N/A,18039572338,https://maps.app.goo.gl/sjiGhLbVMoE7gX2VA,Liquor shop,4.8,87
71,USA,South Carolina,Lake Murray Liquors of Lexington,N/A,N/A,N/A,N/A,18034900142,https://maps.app.goo.gl/snvxH4UYy9XvbXAH7,Liquor shop,4.9,31
72,USA,South Carolina,Jay Liquor,N/A,N/A,N/A,N/A,18034003543,https://maps.app.goo.gl/9isqjEgWco5tyQsU7,Liquor shop,4.8,22
73,USA,South Carolina,Cayce Crossing Spirits,N/A,N/A,N/A,N/A,18034973868,https://maps.app.goo.gl/FBHDQDKMdiwZduLn8,Liquor shop,4.2,20
74,USA,South Carolina,Heritage Liquor,N/A,N/A,N/A,N/A,18035509830,https://maps.app.goo.gl/TjNehAxuwm16LAwV6,Liquor shop,4.3,22
75,India,Patna,Spice Roots,N/A,N/A,N/A,N/A,9693040124,https://maps.app.goo.gl/EPzpUf57Bgka2F4Z7,Restaurant,3.9,193
76,India,Patna,Amrapali Vatika Restaurant,N/A,N/A,N/A,N/A,6123261613,https://maps.app.goo.gl/iuhHeJ9A6FATUt85A,Restaurant,3.7,255
77,India,Patna,New Hungry Hope family Restruant,N/A,N/A,N/A,N/A,9546845930,https://maps.app.goo.gl/Gjy1fh76LYv9GaSk7,Restaurant,3.8,2277
78,India,Patna,Koyla De barbeque,N/A,N/A,N/A,N/A,9955996020,https://maps.app.goo.gl/jRAwgvTEPzi72RdWA,Restaurant,4.0,1429
79,India,Patna,The Biryani Mall,N/A,N/A,N/A,N/A,6200306954,https://maps.app.goo.gl/dCdwPWSwEmvL5gdFA,Restaurant,3.8,11574
80,India,Patna,SHAWARMA TALES,N/A,N/A,N/A,N/A,7004459721,https://maps.app.goo.gl/6VNLnDtbpGw2MBPw7,Restaurant,4.3,430
81,India,Patna,0612 Road Chef Online,N/A,N/A,N/A,N/A,9789990175,https://maps.app.goo.gl/7G1zCRETexswEeNG6,Restaurant,4.2,137
82,India,Patna,Friends Bhookh Cafe,N/A,N/A,N/A,N/A,8102626427,https://maps.app.goo.gl/Gq2wYq9CPuK1rzQy8,Restaurant,4.5,17
83,India,Patna,Swad Restaurant,N/A,N/A,N/A,N/A,9304130562,https://maps.app.goo.gl/C7MVcXLrr1BZg4L6A,Restaurant,4.0,168
84,India,Patna,WELL FOOD,N/A,N/A,N/A,N/A,9097777788,https://maps.app.goo.gl/2ZfMpX9EwfxCDpzdA,Restaurant,3.7,"2,619"
85,India,Patna,Ji Hujur,N/A,N/A,N/A,N/A,9155567567,https://maps.app.goo.gl/b45irkeQoiFzN6Nz9,Restaurant,3.6,582
86,India,Patna,RAM BABU HOTEL & RESTAURANT,N/A,N/A,N/A,N/A,8539855866,https://maps.app.goo.gl/Gd7FEZuB6Y7Gsjzu7,Restaurant,3.9,1329
87,India,Patna,Purple Cafe,N/A,N/A,N/A,N/A,9199660727,https://maps.app.goo.gl/Y1cvmcThYSnc2tou9,Restaurant,3.9,274
88,India,Patna,Swaaddesh,N/A,N/A,N/A,N/A,7759050327,https://maps.app.goo.gl/xk4gBNWRgSWCYn6EA,Restaurant,4.1,4911
89,India,Patna,Grill Inn Patna,N/A,N/A,N/A,N/A,7903357575,https://maps.app.goo.gl/CeqzdzGhPs4E3REc7,Restaurant,4.3,59
90,USA,South Carolina,Brothers Liquor Store,N/A,N/A,N/A,N/A,18037224050,https://maps.app.goo.gl/H3bJtTTnR9ocGPka7,Liquor shop,4.3,67
91,USA,South Carolina,Unique Alterations,N/A,N/A,N/A,N/A,18036990040,https://maps.app.goo.gl/MCpyBrZyKzaJyf6x8,Tailor Shop,4.9,43
92,USA,South Carolina,Alterations Unlimited,N/A,N/A,N/A,N/A,18643750808,https://maps.app.goo.gl/sw9BtzdpNoZauWNZ7,Tailor Shop,4.5,74
93,USA,South Carolina,Taft Tailor Shop & Cleaners,N/A,N/A,N/A,N/A,18435469228,https://maps.app.goo.gl/5BFTB4VCiyfNDcNQ6,Tailor Shop,4.7,23
94,USA,South Carolina,Kistler's Tailoring & Alterations,N/A,N/A,N/A,N/A,18038659005,https://maps.app.goo.gl/sv1rrG26ANvsqwfw9,Tailor Shop,4.8,21
95,India,Patna,Anmol Pal Hotel,N/A,N/A,N/A,N/A,6122200266,https://maps.app.goo.gl/whoCBMyNqBezRC3c9,Restaurant,3.6,2869
96,India,Patna,Girija Fashion,N/A,N/A,N/A,N/A,9934000103,https://maps.app.goo.gl/KaooRke9anWooNkGA,Clothing store,4.0,12951
97,India,Patna,Planet Fashion,N/A,N/A,N/A,N/A,7004761634,https://maps.app.goo.gl/AkzpWgjqmfnkD7z7A,Clothing store,4.4,41
98,India,Patna,Hill & Top Collection,N/A,N/A,N/A,N/A,9308490541,https://maps.app.goo.gl/E5S2hnW2Q8cWpBcS8,Clothing store,4.4,73
99,India,Patna,Kamla Store,N/A,N/A,N/A,N/A,9570332255,https://maps.app.goo.gl/6EEvRyYYjXAUDu8S7,Clothing store,4.4,34
100,India,Patna,Rashmi Garments & Suit house,N/A,N/A,N/A,N/A,8507199052,https://maps.app.goo.gl/gfbuModWKtKbru7M7,Clothing store,4.4,11
101,India,Patna,Little Stars,N/A,N/A,N/A,N/A,7903711464,https://maps.app.goo.gl/pRT4HUX2xy1dRMQr8,Clothing store,5.0,4
102,India,Patna,Fashion Camp,N/A,N/A,N/A,N/A,6122540005,https://maps.app.goo.gl/AuH7333eGp2evrNA8,Clothing store,4.0,5
103,India,Patna,Sequiens Boutique,N/A,N/A,N/A,N/A,8102141489,https://maps.app.goo.gl/BL2DqeQR1ueSezHT8,Clothing store,4.8,32
104,India,Patna,Sorry Madam Garments,N/A,N/A,N/A,N/A,9835055706,https://maps.app.goo.gl/56s6UbQBq5LxGd2Q8,Clothing store,3.6,92
105,India,Patna,V2 Mall,N/A,N/A,N/A,N/A,1141771850,https://maps.app.goo.gl/WWssGguVDYUMb85v5,Clothing store,3.8,16959
106,India,Patna,KILLER FLAGSHIP STORE,N/A,N/A,N/A,N/A,7371828282,https://maps.app.goo.gl/YyMkst3y2jmTpZYU8,Clothing store,4.8,35
107,India,Patna,Bolbam & Sons,N/A,N/A,N/A,N/A,9955771606,https://maps.app.goo.gl/kpghp7fUvNDdLYjS6,Clothing store,5.0,3
108,India,Patna,"Little Kids, Patna",N/A,N/A,N/A,N/A,9334114844,https://maps.app.goo.gl/KsURjMyaF7wwGpE38,Clothing store,4.4,35
109,India,Patna,ROOP SHREE,N/A,N/A,N/A,N/A,7004907837,https://maps.app.goo.gl/krkTabVJ5Q74QpxX7,Clothing store,4.1,66
110,USA,South Carolina,Laurel Bay Tailor Shop,N/A,N/A,N/A,N/A,18438461087,https://maps.app.goo.gl/JmR7wF8bJznry9sq5,Tailor Shop,4.0,50
111,USA,South Carolina,Sewing & Alterations Shop,N/A,N/A,N/A,N/A,18649636047,https://maps.app.goo.gl/Cq8ri6PV3WoRQNSi8,Tailor Shop,4.8,49
112,USA,South Carolina,Melinda's Tailor Shop,N/A,N/A,N/A,N/A,18037757753,https://maps.app.goo.gl/dBjY9ts4jJpXQMTdA,Tailor Shop,3.1,48
113,USA,South Carolina,Richard's Tailor Shop,N/A,N/A,N/A,N/A,18642443302,https://maps.app.goo.gl/wnMMWhDJM9vUbXxc7,Tailor Shop,4.4,21
114,USA,South Carolina,Nice Alterations,N/A,N/A,N/A,N/A,18646751110,https://maps.app.goo.gl/31rAgdb3BEKLfZYf8,Tailor Shop,4.7,85
115,India,Patna,Babyhug Store Patna Raja Bazar,N/A,N/A,N/A,N/A,9304644229,https://maps.app.goo.gl/St7J8yqZ6aokhv19A,Clothing store,4.8,1335
116,India,Patna,Gujarat Emporio,N/A,N/A,N/A,N/A,6202029648,https://maps.app.goo.gl/AoB9YeFLtsxzLLMy8,Clothing store,3.9,190
117,India,Patna,Neel Nikki,N/A,N/A,N/A,N/A,9708103205,https://maps.app.goo.gl/XsPF4g7aUPoYf8Rp8,Clothing store,4.1,9
118,India,Patna,Babyhug Store Patna Kankarbagh,N/A,N/A,N/A,N/A,7091300106,https://maps.app.goo.gl/283Ymjp4Wet8jxi6A,Clothing store,4.8,1090
119,India,Patna,Patna Market,N/A,N/A,N/A,N/A,7352461268,https://maps.app.goo.gl/6AtGNaTgeqG4gXLGA,Clothing store,4.0,12110
120,India,Patna,New shudh Khadi bhandar,N/A,N/A,N/A,N/A,9472069494,https://maps.app.goo.gl/8mKHz5ZBRw2wVAD36,Clothing store,3.9,80
121,India,Patna,Bliss ladies beauty parlour,N/A,N/A,N/A,N/A,8825292195,https://maps.app.goo.gl/Wx9h7KpBnNW4kELy5,Beauty parlour and salon,4.8,231
122,India,Patna,king & queen’s,N/A,N/A,N/A,N/A,8051102103,https://maps.app.goo.gl/N7nr4SYGmLC1rcqWA,Beauty parlour and salon,4.8,212
123,India,Patna,Shahanaz aparna beauty salon,N/A,N/A,N/A,N/A,9308356354,https://maps.app.goo.gl/JXgGibY8e3NyWtAR7,Beauty parlour and salon,4.9,225
124,India,Patna,9to9,N/A,N/A,N/A,N/A,6122206585,https://maps.app.goo.gl/FtVDsCFxkdYBxx9t6,Beauty parlour and salon,4.2,1714
125,India,Patna,PEARLS BEAUTY SALON & COSMETICS,N/A,N/A,N/A,N/A,7979031448,https://maps.app.goo.gl/y2wmQwc6RgzKqWVv7,Beauty parlour and salon,5.0,23
126,India,Patna,9to9 Salon & Spa Anisabad,N/A,N/A,N/A,N/A,6122253393,https://maps.app.goo.gl/yXu7Lptos1PQ91np7,Beauty parlour and salon,3.9,1815
127,India,Patna,Sparkle,N/A,N/A,N/A,N/A,6209116497,https://maps.app.goo.gl/Z2gKmNVAvGZhqXyr7,Beauty parlour and salon,5.0,26
128,India,Patna,Walk -in Salon,N/A,N/A,N/A,N/A,9122200594,https://maps.app.goo.gl/yZFn7KRA29wXzZBH8,Beauty parlour and salon,4.5,38
129,USA,South Carolina,Layla's Alteration Shoppe,N/A,N/A,N/A,N/A,18642357667,https://maps.app.goo.gl/N8d8LPbanvK8sx437,Tailor Shop,4.4,82
130,USA,South Carolina,Wilkes Alteration Shop,N/A,N/A,N/A,N/A,18645821551,https://maps.app.goo.gl/WkXekD2pgjYZExiX7,Tailor Shop,4.4,14
131,USA,South Carolina,Alterations & More,N/A,N/A,N/A,N/A,18438717555,https://maps.app.goo.gl/9HqpqcTnR6G3dJfMA,Tailor Shop,4.4,79
132,USA,South Carolina,Ace Alterations & Monogram,N/A,N/A,N/A,N/A,18038651788,https://maps.app.goo.gl/fxxFpcGwjoMNepDV7,Tailor Shop,4.4,74
133,USA,South Carolina,Sue's Alterations,N/A,N/A,N/A,N/A,18648482627,https://maps.app.goo.gl/wZonHZGdowmtAMRS6,Tailor Shop,4.6,167
134,India,Patna,MOOD LIGHT CAFE,N/A,N/A,N/A,N/A,7488980964,https://maps.app.goo.gl/EbyXbto8BpboCFz29,Cafe,4.6,1117
135,India,Patna,Craft Coffee City Centre Mall Patna,N/A,N/A,N/A,N/A,8017177062,https://maps.app.goo.gl/v3b6xKeaogsfPj5x7,Cafe,4.5,427
136,India,Patna,The Sky Cafe,N/A,N/A,N/A,N/A,8986056280,https://maps.app.goo.gl/xKGhBBHvLH3Jv3H69,Cafe,4.2,510
137,India,Patna,The Downtown Cafe,N/A,N/A,N/A,N/A,8407078989,https://maps.app.goo.gl/duXjcQfyvwQ11DWL9,Cafe,4.1,4234
138,India,Patna,FREEFIRE CAFE,N/A,N/A,N/A,N/A,7258020810,https://maps.app.goo.gl/tKwwpYcp1ATSFhh79,Cafe,4.4,99
139,India,Patna,Foxtrot Cafe,N/A,N/A,N/A,N/A,7070703606,https://maps.app.goo.gl/NFhXg63GMJtzEC8c7,Cafe,4.7,39
140,India,Patna,Nostálgico Tea Room Café,N/A,N/A,N/A,N/A,9006740174,https://maps.app.goo.gl/AG6G9zYgXrTUjq1XA,Cafe,4.9,35
141,India,Patna,Coffee & Cravings,N/A,N/A,N/A,N/A,6205677925,https://maps.app.goo.gl/RkHgBRNdD5Szn1JJ6,Cafe,4.8,135
142,India,Patna,"Tea Toast , Tea Bar & Cafe",N/A,N/A,N/A,N/A,7765090955,https://maps.app.goo.gl/fYGTGmwXaR2wMkYJA,Cafe,4.7,117
143,India,Patna,Golpuri Cafe,N/A,N/A,N/A,N/A,9430050098,https://maps.app.goo.gl/dYuh35yzByo9WV7AA,Cafe,4.4,109
144,India,Patna,BnB Cafe,N/A,N/A,N/A,N/A,8210666676,https://maps.app.goo.gl/31uRWS1g2nrvaAoFA,Cafe,4.6,45
145,India,Patna,Hot and Red Cafe and Restaurant - Patna,N/A,N/A,N/A,N/A,7004059179,https://maps.app.goo.gl/K8Pp86YCP2dp7U8k9,Cafe,4.5,941
146,India,Patna,Hiehcafe,N/A,N/A,N/A,N/A,9262906080,https://maps.app.goo.gl/ndx6p56qBdRbuiak6,Cafe,4.5,349
147,India,Patna,Dhaba Cafe & Lounge,N/A,N/A,N/A,N/A,6205939550,https://maps.app.goo.gl/faA44HnkVACDCA9Y9,Cafe,3.9,390
148,India,Patna,Craft coffee,N/A,N/A,N/A,N/A,8017177062,https://maps.app.goo.gl/5LB6GjCqF5pDxJNz7,Cafe,4.4,219
149,USA,South Carolina,ALTERATIONS SHOPS,N/A,N/A,N/A,N/A,18439269150,https://maps.app.goo.gl/f3LDe4fvpPv8CaNQ9,Tailor Shop,4.5,52
150,USA,South Carolina,#1 Alterations,N/A,N/A,N/A,N/A,18032388333,https://maps.app.goo.gl/8VDm423fjj7pB8S17,Tailor Shop,4.2,41
151,USA,South Carolina,Alterations & More,N/A,N/A,N/A,N/A,18648629700,https://maps.app.goo.gl/sVZYfdJ9k7Pv3AX96,Tailor Shop,4.3,86
152,USA,South Carolina,NC Custom Tailors,N/A,N/A,N/A,N/A,19807298455,https://maps.app.goo.gl/z2f8fdFwH8rQ2uEW8,Tailor Shop,4.4,53
153,USA,South Carolina,Juanitas Design,N/A,N/A,N/A,N/A,18032549153,https://maps.app.goo.gl/ayjD5yMjaJganXYu9,Tailor Shop,4.4,24
154,India,Patna,BROCCOLI CAFE,N/A,N/A,N/A,N/A,9717502573,https://maps.app.goo.gl/xpAyX3WnuJYoQp7u8,Cafe,4.0,73
155,India,Patna,TCC- The Centurion Cafe,N/A,N/A,N/A,N/A,8809935786,https://maps.app.goo.gl/HjZY4E8B7Fetyca68,Cafe,4.6,118
156,India,Patna,ChefLab,N/A,N/A,N/A,N/A,7547874707,https://maps.app.goo.gl/C7bwN25L6NxMiEmTA,Cafe,4.5,71
157,India,Patna,Mitra cafe mithapur patna,N/A,N/A,N/A,N/A,9135293918,https://maps.app.goo.gl/uFCLqT78MazwSZG36,Cafe,4.7,16
158,India,Patna,Hangout Cafe,N/A,N/A,N/A,N/A,9153317700,https://maps.app.goo.gl/J9xDvr1Zhsp8dW6a9,Cafe,4.1,317
159,India,Patna,Cafe The Dhaba,N/A,N/A,N/A,N/A,7070223059,https://maps.app.goo.gl/WP2r2Ej1yHPp4MCh9,Cafe,4.0,395
160,India,Patna,Patna Cafe,N/A,N/A,N/A,N/A,9835467786,https://maps.app.goo.gl/LUVUQy37exVJ8KW4A,Cafe,4.1,1396
161,India,Patna,INDIAN MOMO CAFE,N/A,N/A,N/A,N/A,9065555575,https://maps.app.goo.gl/HtvqegxjRCUxQU5Z8,Cafe,4.5,63
162,India,Patna,Suto Cafe - PATNA,N/A,N/A,N/A,N/A,9155104888,https://maps.app.goo.gl/CN9GzYVv4vJfuY6V8,Cafe,4.8,107
163,India,Patna,Momo nation cafe,N/A,N/A,N/A,N/A,9155555687,https://maps.app.goo.gl/oo3JzYTF32Ls7Czh7,Cafe,4.2,1529
164,India,Patna,Bauji Cafe,N/A,N/A,N/A,N/A,7061421090,https://maps.app.goo.gl/T6GUmvU8132nWGvi7,Cafe,4.4,43
165,India,Patna,Town Hall 29,N/A,N/A,N/A,N/A,9153992877,https://maps.app.goo.gl/MeWKW5RKGfrFHTsa7,Cafe,4.7,1763
166,USA,South Carolina,Mrs. Doi Alterations and Handmade,N/A,N/A,N/A,N/A,18034478378,https://maps.app.goo.gl/1jEooH3U3ZrYLN7v7,Tailor Shop,5.0,52
167,USA,South Carolina,Nit’s Sewing Creations,N/A,N/A,N/A,N/A,18433186229,https://maps.app.goo.gl/kn1nFXVgbt94Wpdr9,Tailor Shop,0.0,0
168,USA,South Carolina,Express Alterations & Cleaning,N/A,N/A,N/A,N/A,18037366656,https://maps.app.goo.gl/huEVZvW63W5m8b7s8,Tailor Shop,4.3,16
169,USA,South Carolina,Threads,N/A,N/A,N/A,N/A,18037391486,https://maps.app.goo.gl/gvWnSntCoytscH747,Tailor Shop,4.7,43
170,USA,South Carolina,Gibson Uniforms LLC,N/A,N/A,N/A,N/A,18034638003,https://maps.app.goo.gl/Cov9fCjvYvuh5WVi9,Tailor Shop,4.3,10
171,India,Patna,The Coffee Courtyard,N/A,N/A,N/A,N/A,7992239544,https://maps.app.goo.gl/2FZTguoArEQ4hcas8,Cafe,4.5,161
172,India,Patna,Momo's World Cafe,N/A,N/A,N/A,N/A,7764092444,https://maps.app.goo.gl/vySi3G39Jz2fmAhx8,Cafe,4.2,107
173,India,Patna,Patna General store,N/A,N/A,N/A,N/A,9204541001,https://maps.app.goo.gl/qhPReuTwPeHj6uWK7,General store,3.9,142
174,India,Patna,Patna General Store,N/A,N/A,N/A,N/A,9798880999,https://maps.app.goo.gl/xTWx9DxkEweYh86U9,General store,3.3,12
175,India,Patna,Prakash General Store,N/A,N/A,N/A,N/A,9135000040,https://maps.app.goo.gl/7N2z4sVDdPX1qtwg6,General store,4.1,161
176,India,Patna,Needs Kirana & General Store,N/A,N/A,N/A,N/A,9334117661,https://maps.app.goo.gl/TLsLzL7uJpQ1HjnSA,General store,3.9,61
177,India,Patna,Kairali South Indian General Store,N/A,N/A,N/A,N/A,7091498277,https://maps.app.goo.gl/n7L96bnYjn88kdKe8,General store,4.4,54
178,India,Patna,Ratan General Store,N/A,N/A,N/A,N/A,7549719660,https://maps.app.goo.gl/fmnx4QC8hyF5MZef7,General store,3.9,57
179,India,Patna,Prem Kirana And General Store,N/A,N/A,N/A,N/A,9835874072,https://maps.app.goo.gl/nzJRoPAB4m8Fy846A,General store,4.2,103
180,India,Patna,Home Mart,N/A,N/A,N/A,N/A,8409966337,https://maps.app.goo.gl/SHehvESzVHYKvzMU6,General store,4.3,36
181,India,Patna,Kanu Store,N/A,N/A,N/A,N/A,6122214847,https://maps.app.goo.gl/zESFB8GPuA4dLuEf6,General store,4.4,10
182,India,Patna,Om Kirana & General Store,N/A,N/A,N/A,N/A,9572659945,https://maps.app.goo.gl/CD1BA4duiVxYeFUz7,General store,4.5,24
183,India,Patna,Sagar General Store,N/A,N/A,N/A,N/A,9693119031,https://maps.app.goo.gl/fV6gKTsgA5z6PmFb6,General store,4.7,12
184,India,Patna,Mahesh kirana Store,N/A,N/A,N/A,N/A,8825255476,https://maps.app.goo.gl/2NsSCpiFzwsZ1MQL6,General store,4.5,22
185,India,Patna,Shiv Shakti General and Grocery Store,N/A,N/A,N/A,N/A,7033085090,https://maps.app.goo.gl/ZKPYbfhvsAcCgNpKA,General store,5.0,6
186,USA,South Carolina,Palm Pantry 21,N/A,N/A,N/A,N/A,18038142784,https://maps.app.goo.gl/peHE3YMg1mJjUqq89,Convenience store,4.0,70
187,USA,South Carolina,Mini Mart,N/A,N/A,N/A,N/A,18037872832,https://maps.app.goo.gl/pZfTravbHptMNPLTA,Convenience store,3.7,12
188,USA,South Carolina,Q Mart LLC,N/A,N/A,N/A,N/A,18037640500,https://maps.app.goo.gl/uGideH2V2H6N64kD7,Convenience store,4.6,18
189,USA,South Carolina,Carolina Convenience Store and Grill,N/A,N/A,N/A,N/A,18436725527,https://maps.app.goo.gl/d1zzi2TRsJbL5oTf7,Convenience store,4.7,24
190,USA,South Carolina,Stop N Go,N/A,N/A,N/A,N/A,18034900474,https://maps.app.goo.gl/hgoou1wZDQvKJVAW6,Convenience store,4.4,16
191,India,Patna,Arpit General Store,N/A,N/A,N/A,N/A,9308006144,https://maps.app.goo.gl/zaNhvAon77p99cyu5,General store,4.0,42
192,India,Patna,Vipin General Store,N/A,N/A,N/A,N/A,8235776110,https://maps.app.goo.gl/oJS2ANWd6PEbytrx7,General store,5.0,1
193,India,Patna,Deepak Kirana & General Store,N/A,N/A,N/A,N/A,8271704412,https://maps.app.goo.gl/x6D7nponho2vMN6z7,General store,4.3,31
194,India,Patna,Dev Kirana & General Store,N/A,N/A,N/A,N/A,9852718813,https://maps.app.goo.gl/gLsUUTxyryY5UzULA,General store,4.6,25
195,India,Patna,Ansari Store,N/A,N/A,N/A,N/A,6207857100,https://maps.app.goo.gl/6B3TqJeDantjmMvr6,General store,5.0,13
196,India,Patna,New Anupam Kirana & General Store,N/A,N/A,N/A,N/A,9835498514,https://maps.app.goo.gl/rMyeU2UkAMz7PjTo7,General store,4.5,26
197,India,Patna,Mahesh Kirana & General Store,N/A,N/A,N/A,N/A,7033582277,https://maps.app.goo.gl/ii3dJUcyKGjKYC8s6,General store,3.8,32
198,India,Patna,Laxmi General Store & Downloading Centre,N/A,N/A,N/A,N/A,7759810142,https://maps.app.goo.gl/SYSwXyuEWLoA6Zwg9,General store,4.0,10
199,India,Patna,Green Bazaar,N/A,N/A,N/A,N/A,9060480001,https://maps.app.goo.gl/W3Q8n1W2gU9HdMGN9,General store,4.1,321
200,India,Patna,Sona General Store,N/A,N/A,N/A,N/A,9334735910,https://maps.app.goo.gl/wfCMNCSwhQCAQLb96,General store,4.4,20
201,India,Patna,Gauri General Store,N/A,N/A,N/A,N/A,9199325070,https://maps.app.goo.gl/bK5fzgnyS6w6QE6fA,General store,5.0,1
202,India,Patna,Kanchan General store,N/A,N/A,N/A,N/A,7549992070,https://maps.app.goo.gl/A4XwZpXkzE3AMidq6,General store,4.9,9
203,India,Patna,M.G. General & Kirana Store,N/A,N/A,N/A,N/A,9334231490,https://maps.app.goo.gl/iidqwZ8Hdgskgj6n9,General store,3.0,5
204,India,Patna,Chandan general store,N/A,N/A,N/A,N/A,9801147508,https://maps.app.goo.gl/c2QtpTPBuP3EsEES6,General store,4.3,19
205,India,Patna,Daily Daily general store,N/A,N/A,N/A,N/A,8969476760,https://maps.app.goo.gl/zpz5pvwC4gLXfUoGA,General store,4.4,7
206,USA,South Carolina,Stop & Go Corner,N/A,N/A,N/A,N/A,18037986363,https://maps.app.goo.gl/RvL4QVt9j7ZdzuXH7,Convenience store,4.0,22
207,USA,South Carolina,Columbia News Stand & Convenience store,N/A,N/A,N/A,N/A,18038515269,https://maps.app.goo.gl/GeiwKyGoxahx9xeo9,Convenience store,4.0,14
208,USA,South Carolina,In and out market,N/A,N/A,N/A,N/A,18035427997,https://maps.app.goo.gl/JtFMnXvrtbrmoT9H9,Convenience store,4.6,11
209,USA,South Carolina,Seven Up Mini Mart,N/A,N/A,N/A,N/A,18037764003,https://maps.app.goo.gl/GQRRGBmyGXTobuat6,Convenience store,4.0,13
210,USA,South Carolina,Us Mini Mart,N/A,N/A,N/A,N/A,15804617214,https://maps.app.goo.gl/6RcXnvEHsdkcztKf6,Convenience store,4.0,27
211,India,Patna,Ajay Kirana & General Store,N/A,N/A,N/A,N/A,9304066538,https://maps.app.goo.gl/StK1fBeLvvSp7hRe6,General store,4.3,77
212,India,Patna,National Store,N/A,N/A,N/A,N/A,9431074123,https://maps.app.goo.gl/5goHsQzSpvmbiNxk6,General store,4.0,19
213,India,Patna,Avinash Stores,N/A,N/A,N/A,N/A,7779983244,https://maps.app.goo.gl/P47BhThCiUKF6sKo9,General store,4.2,29
214,India,Patna,Modern General Store,N/A,N/A,N/A,N/A,7870581212,https://maps.app.goo.gl/Cdx3FcnVqZSJPRdv7,General store,4.4,9
215,India,Patna,OM KIRANA STORE,N/A,N/A,N/A,N/A,9304991591,https://maps.app.goo.gl/s6W7i7mEkCguzLav6,General store,4.8,17
216,India,Patna,KULANAND GENERAL STORE,N/A,N/A,N/A,N/A,7050419648,https://maps.app.goo.gl/XCXSeC7v52Pah4AL8,General store,5.0,1
217,India,Patna,Poonam General Store,N/A,N/A,N/A,N/A,9576386453,https://maps.app.goo.gl/vkyi4TKBsSVpo1cD8,General store,3.6,10
218,India,Patna,KISHNI KIRANA AND GENERAL STORE,N/A,N/A,N/A,N/A,7898272976,https://maps.app.goo.gl/MyLhLxvf6WS9fZwL8,General store,4.5,13
219,India,Patna,SHARDA BAZAR,N/A,N/A,N/A,N/A,9570764908,https://maps.app.goo.gl/fHW1ef66zth5hjRT8,General store,4.3,389
220,India,Patna,Dev General Store,N/A,N/A,N/A,N/A,9334499277,https://maps.app.goo.gl/41kZ4pBgRRBSSjgp8,General store,4.6,9
221,India,Patna,Phulwari General Store,N/A,N/A,N/A,N/A,9304085718,https://maps.app.goo.gl/24SvRMXx1bk6kdsw7,General store,3.4,28
222,India,Patna,Keshri General Store,N/A,N/A,N/A,N/A,9798891037,https://maps.app.goo.gl/VdsRhGBqGQuvE1q37,General store,3.7,11
223,India,Patna,Pariwar General Store,N/A,N/A,N/A,N/A,8521954356,https://maps.app.goo.gl/xVHbpJLmd1LgCXdY8,General store,3.9,31
224,India,Patna,Raj Kirana & General Store,N/A,N/A,N/A,N/A,7488157945,https://maps.app.goo.gl/TqjHZgRFuQQxmBocA,General store,3.7,45
225,India,Patna,SHAILESH General Store,N/A,N/A,N/A,N/A,7621860697,https://maps.app.goo.gl/3gx6dMBXiCyHiqCF9,General store,5.0,1
226,USA,South Carolina,Mini Mart Convenience & Liquor Store,N/A,N/A,N/A,N/A,18035635970,https://maps.app.goo.gl/ze9A3sydRS7DKmAu6,Convenience store,4.0,12
227,USA,South Carolina,Quick Pantry,N/A,N/A,N/A,N/A,18037915653,https://maps.app.goo.gl/9BDKN624nfcrkGdm9,Convenience store,4.2,12
228,USA,South Carolina,Quick stop 2,N/A,N/A,N/A,N/A,18034015895,https://maps.app.goo.gl/T8kaFooYwyNRBBXD6,Convenience store,4.8,20
229,USA,South Carolina,Express Mart,N/A,N/A,N/A,N/A,18439452042,https://maps.app.goo.gl/5rPKbAeU5RfvU1ps5,Convenience store,2.9,9
230,USA,South Carolina,JIMMY'S MINI MART,N/A,N/A,N/A,N/A,18037940090,https://maps.app.goo.gl/7v3WGbp5ZwRkZBea6,Convenience store,4.3,22
231,India,Patna,P&P Store,N/A,N/A,N/A,N/A,9308596872,https://maps.app.goo.gl/bYUiDXuRQ2Zk3ruBA,General store,4.5,12
232,India,Patna,New Ashok Kirana Store,N/A,N/A,N/A,N/A,9304075181,https://maps.app.goo.gl/jC7BFQNBkAcvhf6N9,General store,4.3,16
233,India,Patna,Shubham kirana & General Store,N/A,N/A,N/A,N/A,7277898750,https://maps.app.goo.gl/JqiLPhJy38huiyeo8,General store,4.3,20
234,India,Patna,Aditya General Store,N/A,N/A,N/A,N/A,9934865067,https://maps.app.goo.gl/KzUeqeDWULoXMWTP6,General store,5.0,1
235,India,Patna,kitna and general Store,N/A,N/A,N/A,N/A,9708268706,https://maps.app.goo.gl/mHedqPQXSc59qsSA9,General store,3.8,12
236,India,Patna,Subhash General Store,N/A,N/A,N/A,N/A,8240899861,https://maps.app.goo.gl/CBRzFWV6ExVkc3KC8,General store,5.0,1
237,India,Patna,BADSHAH GENERAL STORE,N/A,N/A,N/A,N/A,8700057867,https://maps.app.goo.gl/gw54DWxhtDtZYsFk7,General store,5.0,2
238,India,Patna,Bangali General Store,N/A,N/A,N/A,N/A,6200509874,https://maps.app.goo.gl/8Pk98Ze4RdzWrX3t5,General store,5.0,4
239,India,Patna,Sampurn Basket,N/A,N/A,N/A,N/A,9060158158,https://maps.app.goo.gl/98ypbFuJ2iBaRa468,General store,4.0,86
240,India,Patna,Pankaj Kirana Store,N/A,N/A,N/A,N/A,9835235751,https://maps.app.goo.gl/M2MYLk6K3CUaKb2W9,General store,4.1,92
241,India,Patna,Verma General Store,N/A,N/A,N/A,N/A,7004958062,https://maps.app.goo.gl/4MxsApUKCfAVQv296,General store,5.0,1
242,India,Patna,Raj General,N/A,N/A,N/A,N/A,9334692039,https://maps.app.goo.gl/Ny5Xw6pDyuE7rWFy6,General store,5.0,4
243,India,Patna,Raj Kirana And General Store,N/A,N/A,N/A,N/A,8877714070,https://maps.app.goo.gl/cBzFR3jRVuBFVtir5,General store,3.8,12
244,India,Patna,Mukesh Kirana Store,N/A,N/A,N/A,N/A,9835871742,https://maps.app.goo.gl/uChynLzRFNZmoMhX8,General store,3.4,40
245,India,Patna,MUKESH GENERAL STORE,N/A,N/A,N/A,N/A,7004182668,https://maps.app.goo.gl/sgzFmtcWv1MD56oc7,General store,5.0,1
246,USA,South Carolina,CK Mart,N/A,N/A,N/A,N/A,18037542210,https://maps.app.goo.gl/JFMJVkdrqTfsdGka6,Convenience store,4.1,15
247,USA,South Carolina,Express convenience store,N/A,N/A,N/A,N/A,16465774589,https://maps.app.goo.gl/Y12LsAk8VwviL69y6,Convenience store,3.5,11
248,USA,South Carolina,Spring Valley Convenience Store,N/A,N/A,N/A,N/A,18036616668,https://maps.app.goo.gl/nxC1BG2tCBPqcwod9,Convenience store,3.3,7
249,USA,South Carolina,Smart Stop,N/A,N/A,N/A,N/A,18039571195,https://maps.app.goo.gl/Rd3S5EhMVv6scRMz6,Convenience store,4.2,20
250,USA,South Carolina,Keisler's Store,N/A,N/A,N/A,N/A,18038943388,https://maps.app.goo.gl/2ftg4fudLbgEgEHK8,Convenience store,4.0,66
251,India,Patna,AARNA GENERAL STORE,N/A,N/A,N/A,N/A,7549074729,https://maps.app.goo.gl/KyQYo9b1w2NVV5DVA,General store,5.0,2
252,India,Patna,Shyam Kirana And General Store,N/A,N/A,N/A,N/A,8804862916,https://maps.app.goo.gl/UeBeCsrdCrYRNbby7,General store,4.4,7
253,India,Patna,Mukesh General Store,N/A,N/A,N/A,N/A,9608159225,https://maps.app.goo.gl/bBaqAtUoz5oc98Lf9,General store,5.0,3
254,India,Patna,Singh Kirana,N/A,N/A,N/A,N/A,9386826020,https://maps.app.goo.gl/8N39wuecD6vqXVno8,General store,4.5,24
255,India,Patna,PAUL GENERAL STORE,N/A,N/A,N/A,N/A,8862806454,https://maps.app.goo.gl/jkTvhweXNhCvqTVN7,General store,5.0,1
256,India,Patna,Laxmi General Store,N/A,N/A,N/A,N/A,9973724285,https://maps.app.goo.gl/LvHdwwKG98oz7Gxd6,General store,5.0,2
257,India,Patna,Suresh Kirana & General Store,N/A,N/A,N/A,N/A,9835478297,https://maps.app.goo.gl/2qKNYTsSLMsghcEH6,General store,0.0,0
258,India,Patna,MITHILA GENERAL STORE,N/A,N/A,N/A,N/A,9534550182,https://maps.app.goo.gl/DQGdqXoAxpEndM7JA,General store,5.0,1
259,India,Patna,Maa Bhawani Kirana Store,N/A,N/A,N/A,N/A,9835086044,https://maps.app.goo.gl/pcLTAkzqGDDTkUjC9,General store,3.7,197
260,India,Patna,ANSIKA GENERAL STORE,N/A,N/A,N/A,N/A,7319745705,https://maps.app.goo.gl/PYqdjszLx5FFhTNj8,General store,5.0,2
261,India,Patna,Raj General Store,N/A,N/A,N/A,N/A,9304319731,https://maps.app.goo.gl/yy6m817UDajDCpGY7,General store,3.8,6
262,India,Patna,Chandni General Store,N/A,N/A,N/A,N/A,9798957197,https://maps.app.goo.gl/MxWB6YrAHrwstJJBA,General store,5.0,1
263,India,Patna,Shree Kirana And General Store,N/A,N/A,N/A,N/A,7654263993,https://maps.app.goo.gl/izq6rE8rnUNpdRNH6,General store,4.9,7
264,India,Patna,Shekhar Kirana Store,N/A,N/A,N/A,N/A,9334151605,https://maps.app.goo.gl/7Dgp4gU96pGbD797A,General store,3.9,50
265,India,Patna,ONE SHOP MART,N/A,N/A,N/A,N/A,7991106625,https://maps.app.goo.gl/8F1G7wNzeaR9Twm88,General store,4.4,25
266,USA,South Carolina,Irmo Convenience Store,N/A,N/A,N/A,N/A,18037494010,https://maps.app.goo.gl/L3PVvyBs6b5H2w6G8,Convenience store,4.2,5
267,USA,South Carolina,CITGO Leesburg Convenience Store,N/A,N/A,N/A,N/A,18037761285,https://maps.app.goo.gl/r8GxuWCqwjS1CZHq6,Convenience store,3.8,35
268,USA,South Carolina,Bethel Church Mini Mart,N/A,N/A,N/A,N/A,18038886150,https://maps.app.goo.gl/QJTFvUPyFZeNDYrR8,Convenience store,5.0,4
269,USA,South Carolina,DCP Food Mart,N/A,N/A,N/A,N/A,18037832112,https://maps.app.goo.gl/4Er34CJyWSjkUf4A8,Convenience store,4.6,14
270,USA,South Carolina,Scotchman Store,N/A,N/A,N/A,N/A,18436263443,https://maps.app.goo.gl/Zmh9LM28CGWkSBBu8,Convenience store,3.4,21
271,India,Patna,Aarya genral store,N/A,N/A,N/A,N/A,8809669505,https://maps.app.goo.gl/FkRkPU6Qs3znt3Ne9,General store,3.3,4
272,India,Patna,Prabhat Kirana & General Store,N/A,N/A,N/A,N/A,6201642449,https://maps.app.goo.gl/NF9uxcSveHT9AuQDA,General store,5.0,2
273,India,Patna,Vishnu General Store,N/A,N/A,N/A,N/A,7739113459,https://maps.app.goo.gl/YZYFpQbL585AdeMf6,General store,5.0,2
274,India,Patna,Basudev Kirana Store,N/A,N/A,N/A,N/A,8114542355,https://maps.app.goo.gl/5WSKRqVrbRS7CJVj6,General store,3.9,226
275,India,Patna,Sai General Store,N/A,N/A,N/A,N/A,9570961992,https://maps.app.goo.gl/5fbjJ8XcsQ4ZAPmGA,General store,0.0,0
276,India,Patna,LAVYANSH GENERAL STORE,N/A,N/A,N/A,N/A,7646062847,https://maps.app.goo.gl/YMkfjgyFZLUAFDz27,General store,5.0,1
277,India,Patna,GUPTA KIRANA AND GENERAL STORE,N/A,N/A,N/A,N/A,7903055078,https://maps.app.goo.gl/frpnT9aL4m3wyLnz6,General store,5.0,2
278,India,Patna,ANIKET GENERAL STORE,N/A,N/A,N/A,N/A,8873089714,https://maps.app.goo.gl/eU31JkzHG2RCvi396,General store,5.0,1
279,India,Patna,Suresh General Store,N/A,N/A,N/A,N/A,8002642734,https://maps.app.goo.gl/Sif3ymFgdj6ULiWU7,General store,5.0,1
280,India,Patna,Abhishek General Store,N/A,N/A,N/A,N/A,8478817076,https://maps.app.goo.gl/g5uTTAmajcxuNEkG8,General store,5.0,1
281,India,Patna,Grihani kirana store,N/A,N/A,N/A,N/A,9431619893,https://maps.app.goo.gl/BnjEcTrz853trqq2A,General store,4.6,27
282,India,Patna,MINISO PATNA,N/A,N/A,N/A,N/A,9199317179,https://maps.app.goo.gl/6qa3heAVDLFXTV1WA,Market,4.2,796
283,India,Patna,Low Prices Super Store,N/A,N/A,N/A,N/A,9798249594,https://maps.app.goo.gl/DqRoPGxaFtSoy4sh7,Super store,3.9,404
284,USA,South Carolina,Food Fare,N/A,N/A,N/A,N/A,18034627197,https://maps.app.goo.gl/cW4QZatqiNCkemvm8,Convenience store,3.8,16
285,USA,South Carolina,Beaufort General & Package Store,N/A,N/A,N/A,N/A,18435248930,https://maps.app.goo.gl/obHPWdYXjMsms5EA8,Convenience store,3.9,18
286,USA,South Carolina,Am Pm Food Mart,N/A,N/A,N/A,N/A,18033374085,https://maps.app.goo.gl/NMwsCxJA8z1Qgv4o9,Convenience store,3.5,6
287,USA,South Carolina,Shiv Mart,N/A,N/A,N/A,N/A,18033764466,https://maps.app.goo.gl/TCGsDQYzzKQiUZq48,Convenience store,3.0,2
288,USA,South Carolina,Roger's Convenience Store,N/A,N/A,N/A,N/A,18437744710,https://maps.app.goo.gl/tZbojRw5JdMi6Lpm6,Convenience store,4.0,5
289,India,Patna,Harvest Bakery,N/A,N/A,N/A,N/A,9031908507,https://maps.app.goo.gl/xaxQGhuT6G8guRQHA, cake shop and bakery,4.9,223
290,India,Patna,The Cake Boss,N/A,N/A,N/A,N/A,8709273389,https://maps.app.goo.gl/5mzKqA1rcaf3YK688, cake shop and bakery,4.9,77
291,India,Patna,Cake Bagicha,N/A,N/A,N/A,N/A,7856047452,https://maps.app.goo.gl/irXQ9nz1GstyzdxK6, cake shop and bakery,4.8,148
292,India,Patna,The cake corne,N/A,N/A,N/A,N/A,7004353423,https://maps.app.goo.gl/HLBqqbrf41uP3MjN8, cake shop and bakery,4.9,155