S.No.,Country,City,Company,,,,,Contact,Google Map,Category,Reviews,Comments
1,USA,Los Angeles,A&J Dance Studio,N/A,N/A,N/A,N/A,13239998690,"https://www.google.com/maps/place/A%26J+Dance+Studio/@33.928242,-118.2106732,17z/data=!3m1!4b1!4m6!3m5!1s0x80c2cb6a8e64447d:0xea39aa125a643508!8m2!3d33.928242!4d-118.2106732!16s%2Fg%2F11ssk4sjk_?authuser=0&hl=en&entry=ttu&g_ep=EgoyMDI2MDYwOS4wIKXMDSoASAFQAw%3D%3D",Training Center,4.9,8
2,USA,Los Angeles,DANCE STUDIO & NUTRITION CENTER,N/A,N/A,N/A,N/A,15623135133,"https://www.google.com/maps/place/DANCE+STUDIO+%26+NUTRITION+CENTER/@33.794628,-118.215273,17z/data=!3m1!4b1!4m6!3m5!1s0x80dd3404f04bdf95:0x6281ad352ed8708b!8m2!3d33.794628!4d-118.215273!16s%2Fg%2F11b6nk8vzh?authuser=0&hl=en&entry=ttu&g_ep=EgoyMDI2MDYwOS4wIKXMDSoASAFQAw%3D%3D",Dance School,5.0,4
3,USA,Los Angeles,DanceHub,N/A,N/A,N/A,N/A,17145196667,"https://www.google.com/maps/place/DanceHub/@33.640814,-117.9481134,10z/data=!3m1!4b1!4m6!3m5!1s0xa9d98eba8be372b1:0x299fbd9ed485fd44!8m2!3d33.640814!4d-117.9481134!16s%2Fg%2F11x6nc7grc?authuser=0&hl=en&entry=ttu&g_ep=EgoyMDI2MDYwOS4wIKXMDSoASAFQAw%3D%3D",Dance School,5.0,2
4,USA,Los Angeles,Magic Dance Studio,N/A,N/A,N/A,N/A,15623268745,"https://www.google.com/maps/place/Magic+Dance+Studio/@33.8652164,-118.1848401,17z/data=!3m1!4b1!4m6!3m5!1s0x80dd3355967b680d:0xa69379bb74f854b6!8m2!3d33.8652164!4d-118.1848401!16s%2Fg%2F11wr2__p2k?authuser=0&hl=en&entry=ttu&g_ep=EgoyMDI2MDYwOS4wIKXMDSoASAFQAw%3D%3D",Dance School,5.0,1
5,India,Rajasthan,Aadarsh Urogynec Clinic - Dr Mahesh sonwal Alwar,N/A,N/A,N/A,N/A,9785332419,"https://www.google.com/maps/place/Aadarsh+Urogynec+Clinic+-+Dr+Mahesh+sonwal+Alwar/@27.5582637,76.6377341,17z/data=!3m1!4b1!4m6!3m5!1s0x39729910406ac5b3:0x97c1c059c3e35e58!8m2!3d27.5582637!4d76.6377341!16s%2Fg%2F11svhpvx09?authuser=0&hl=en&entry=ttu&g_ep=EgoyMDI2MDYxMC4wIKXMDSoASAFQAw%3D%3D",Medical Clinic,4.7,55
6,India,Rajasthan,ALWAR PAIN CLINIC AND HOSPITAL,N/A,N/A,N/A,N/A,9414209049,"https://www.google.com/maps/place/ALWAR+PAIN+CLINIC+AND+HOSPITAL/@27.5700497,76.6100984,17z/data=!3m1!4b1!4m6!3m5!1s0x3972997464d2878d:0x17976a3df0378eab!8m2!3d27.5700497!4d76.6100984!16s%2Fg%2F11tf8db3xw?authuser=0&hl=en&entry=ttu&g_ep=EgoyMDI2MDYxMC4wIKXMDSoASAFQAw%3D%3D",Hospital,3.7,3
7,India,Rajasthan,Hs medical & santosh healthcare,N/A,N/A,N/A,N/A,8696168237,"https://www.google.com/maps/place/Hs+medical+%26+santosh+healthcare/@27.5420325,76.632959,17z/data=!3m1!4b1!4m6!3m5!1s0x39729b0003563435:0x1f3f9248b446bb52!8m2!3d27.5420325!4d76.632959!16s%2Fg%2F11wqkhkmlv?authuser=0&hl=en&entry=ttu&g_ep=EgoyMDI2MDYxMC4wIKXMDSoASAFQAw%3D%3D",Medical Clinic,4.9,44
8,India,Rajasthan,J D Hospital,N/A,N/A,N/A,N/A,1442370004,"https://www.google.com/maps/place/J+D+Hospital/@27.5552142,76.6503554,17z/data=!3m1!4b1!4m6!3m5!1s0x397290ad1b9ee731:0xcfb2ea1339adf7f9!8m2!3d27.5552142!4d76.6503554!16s%2Fg%2F11f4mb1nr5?authuser=0&hl=en&entry=ttu&g_ep=EgoyMDI2MDYxMC4wIKXMDSoASAFQAw%3D%3D",Hospital,4.7,310
9,India,Rajasthan,Aravali Hospital,N/A,N/A,N/A,N/A,7737466047,"https://www.google.com/maps/place/Aravali+Hospital/@27.5526933,76.6462851,17z/data=!3m1!4b1!4m6!3m5!1s0x3972915d8fedf039:0x5c413cff2ffc9a4!8m2!3d27.5526933!4d76.6462851!16s%2Fg%2F11v44kmf2_?authuser=0&hl=en&entry=ttu&g_ep=EgoyMDI2MDYxMC4wIKXMDSoASAFQAw%3D%3D",Hospital,4.3,15
10,India,Rajasthan,Shiv Shakti Medical,N/A,N/A,N/A,N/A,9509403421,"https://www.google.com/maps/place/Shiv+Shakti+Medical/@27.5533992,76.6442272,17z/data=!3m1!4b1!4m6!3m5!1s0x397291f43a567261:0x7719cc809c2cc29e!8m2!3d27.5533992!4d76.6442272!16s%2Fg%2F11t5kf73q_?authuser=0&hl=en&entry=ttu&g_ep=EgoyMDI2MDYxMC4wIKXMDSoASAFQAw%3D%3D",Medical Clinic,5.0,1
11,India,Rajasthan,Sahil Hospital Alwar,N/A,N/A,N/A,N/A,9024194103,"https://www.google.com/maps/place/Sahil+Hospital+Alwar/@27.5679208,76.6263079,17z/data=!3m1!4b1!4m6!3m5!1s0x397299ee49bd7ca5:0xbaa4c255fe2326a2!8m2!3d27.5679208!4d76.6263079!16s%2Fg%2F11f3zxxczc?authuser=0&hl=en&entry=ttu&g_ep=EgoyMDI2MDYxMC4wIKXMDSoASAFQAw%3D%3D",Hospital,4.0,81
12,India,Rajasthan,HOSPITAL ALWAR,N/A,N/A,N/A,N/A,8741970587,"https://www.google.com/maps/place/HOSPITAL+ALWAR/@27.5667006,76.6335381,17z/data=!3m1!4b1!4m6!3m5!1s0x3972992c283b6863:0x5e3f38fdd40db5f1!8m2!3d27.5667006!4d76.6335381!16s%2Fg%2F11md0s9ypp?authuser=0&hl=en&entry=ttu&g_ep=EgoyMDI2MDYxMC4wIKXMDSoASAFQAw%3D%3D",Hospital,5.0,1
13,India,Rajasthan,Sonia Children Hospital,N/A,N/A,N/A,N/A,1442702889,"https://www.google.com/maps/place/Sonia+Children+Hospital/@27.5729669,76.6152037,17z/data=!3m1!4b1!4m6!3m5!1s0x397299948e64d50b:0xf64b4eeec328e42e!8m2!3d27.5729669!4d76.6152037!16s%2Fg%2F11cjrhv08f?authuser=0&hl=en&entry=ttu&g_ep=EgoyMDI2MDYxMC4wIKXMDSoASAFQAw%3D%3D",Hospital,4.4,105
14,India,Rajasthan,Mittal Hospital,N/A,N/A,N/A,N/A,1442370133,"https://www.google.com/maps/place/Mittal+Hospital/@27.5667651,76.6312892,17z/data=!3m1!4b1!4m6!3m5!1s0x397299efd9d9f7e9:0x524f4a845b70b60e!8m2!3d27.5667651!4d76.6312892!16s%2Fg%2F1tr7b6hq?authuser=0&hl=en&entry=ttu&g_ep=EgoyMDI2MDYxMC4wIKXMDSoASAFQAw%3D%3D",Hospital,3.5,102
15,India,Rajasthan,Jain Hospital - Cardiologist | Dental | RCT | Best Heart Hospital in Alwar,N/A,N/A,N/A,N/A,9251470058,"http://google.com/maps/place/Jain+Hospital+-+Cardiologist+%7C+Dental+%7C+RCT+%7C+Best+Heart+Hospital+in+Alwar/@27.5671885,76.6253405,17z/data=!3m1!4b1!4m6!3m5!1s0x3972990f2ab77aa3:0xc13c08510eb601d8!8m2!3d27.5671885!4d76.6253405!16s%2Fg%2F11lgsgl4bq?authuser=0&hl=en&entry=ttu&g_ep=EgoyMDI2MDYxMC4wIKXMDSoASAFQAw%3D%3D",Hospital,4.2,13
16,India,Rajasthan,Lions Hospital,N/A,N/A,N/A,N/A,8769161006,"https://www.google.com/maps/place/Lions+Hospital/@27.5595726,76.6310223,17z/data=!3m1!4b1!4m6!3m5!1s0x397299f9c0862eb5:0x66eda5ca74d56173!8m2!3d27.5595726!4d76.6310223!16s%2Fg%2F1hm1x3ww9?authuser=0&hl=en&entry=ttu&g_ep=EgoyMDI2MDYxMC4wIKXMDSoASAFQAw%3D%3D",Hospital,3.4,7
17,India,Rajasthan,Arihant Physiotherapy Clinic Alwar,N/A,N/A,N/A,N/A,9414016588,"https://www.google.com/maps/place/Arihant+Physiotherapy+Clinic+Alwar/@27.5713042,76.6131537,17z/data=!3m1!4b1!4m6!3m5!1s0x3972992a1ce6b9db:0xc639d1ba4cea20dc!8m2!3d27.5713042!4d76.6131537!16s%2Fg%2F11fl7lw0qb?authuser=0&hl=en&entry=ttu&g_ep=EgoyMDI2MDYxMC4wIKXMDSoASAFQAw%3D%3D",Physiotherapist,4.7,38
18,India,Rajasthan,Advance pain free physio rehab center,N/A,N/A,N/A,N/A,6367462154,"https://www.google.com/maps/place/Advance+pain+free+physio+rehab+center/@27.5520574,76.6260687,17z/data=!3m1!4b1!4m6!3m5!1s0x39729b3300829d79:0xb4a667051fdc2754!8m2!3d27.5520574!4d76.6260687!16s%2Fg%2F11njcw_m_q?authuser=0&hl=en&entry=ttu&g_ep=EgoyMDI2MDYxMC4wIKXMDSoASAFQAw%3D%3D",Physiotherapist,5.0,5
19,India,Rajasthan,Karishmaa Multispeciality Hospital,N/A,N/A,N/A,N/A,7310810884,"https://www.google.com/maps/place/Karishmaa+Multispeciality+Hospital/@27.5661305,76.6517094,17z/data=!3m1!4b1!4m6!3m5!1s0x397297192f5feb77:0x6536a3a7bea4de9f!8m2!3d27.5661305!4d76.6517094!16s%2Fg%2F11z2k7hq4v?authuser=0&hl=en&entry=ttu&g_ep=EgoyMDI2MDYxMC4wIKXMDSoASAFQAw%3D%3D",Hospital,5.0,11
20,India,Rajasthan,Dr. Yogesh Choudhary,N/A,N/A,N/A,N/A,9953428484,"https://www.google.com/maps/place/Dr.+Yogesh+Choudhary/@27.5448221,76.638619,17z/data=!3m1!4b1!4m6!3m5!1s0x39729b54a0858b51:0x9247bc59c7db4ada!8m2!3d27.5448221!4d76.638619!16s%2Fg%2F11n5d5rp_y?authuser=0&hl=en&entry=ttu&g_ep=EgoyMDI2MDYxMC4wIKXMDSoASAFQAw%3D%3D",Doctor,4.6,33
21,India,Rajasthan,Shri Shyam Medical Store,N/A,N/A,N/A,N/A,9460242290,"https://www.google.com/maps/place/Shri+Shyam+Medical+Store/@27.5444517,76.6386318,17z/data=!3m1!4b1!4m6!3m5!1s0x39729b995717e0a1:0xd3cf9a6632b68f96!8m2!3d27.5444517!4d76.6386318!16s%2Fg%2F11t4dwc8z3?authuser=0&hl=en&entry=ttu&g_ep=EgoyMDI2MDYxMC4wIKXMDSoASAFQAw%3D%3D",Medical Clinic,0.0,0
22,India,Rajasthan,Khamosh Mediccal,N/A,N/A,N/A,N/A,9460044199,"https://www.google.com/maps/place/Khamosh+Mediccal/@27.5529908,76.6345736,17z/data=!3m1!4b1!4m6!3m5!1s0x39729beaa0b86f65:0xe2ac37f100314502!8m2!3d27.5529908!4d76.6345736!16s%2Fg%2F11t9qykh5t?authuser=0&hl=en&entry=ttu&g_ep=EgoyMDI2MDYxMC4wIKXMDSoASAFQAw%3D%3D",Medical Clinic,0.0,0
23,India,Rajasthan,Sanjeevani Physiotherapy- Best Physiotherapy Centre in Alwar,N/A,N/A,N/A,N/A,9001735553,"https://www.google.com/maps/place/Sanjeevani+Physiotherapy-+Best+Physiotherapy+Centre+in+Alwar/@27.5475507,76.6501478,17z/data=!3m1!4b1!4m6!3m5!1s0x397290afa6dd5001:0xbf7c2d8d68810ffd!8m2!3d27.5475507!4d76.6501478!16s%2Fg%2F119tr5rx3?authuser=0&hl=en&entry=ttu&g_ep=EgoyMDI2MDYxMC4wIKXMDSoASAFQAw%3D%3D",Physiotherapist,4.9,38
24,India,Rajasthan,Kamla Nursing Home - Multispeciality Hospital,N/A,N/A,N/A,N/A,1442705400,"https://www.google.com/maps/place/Kamla+Nursing+Home+-+Multispeciality+Hospital/@27.5591045,76.6046945,17z/data=!3m1!4b1!4m6!3m5!1s0x397299828d0fb9e5:0x12ad495905ac5b50!8m2!3d27.5591045!4d76.6046945!16s%2Fg%2F1vfn517c?authuser=0&hl=en&entry=ttu&g_ep=EgoyMDI2MDYxMC4wIKXMDSoASAFQAw%3D%3D",Hospital,4.6,706
25,India,Rajasthan,Dr Ashok Mahawar | Senior physician| Principal specialist medicine,N/A,N/A,N/A,N/A,9351862370,"https://www.google.com/maps/place/Dr+Ashok+Mahawar+%7C+Senior+physician%7C+Principal+specialist+medicine/@27.5440592,76.5995536,17z/data=!3m1!4b1!4m6!3m5!1s0x39729bd7022e23db:0xa72a786f49e1042!8m2!3d27.5440592!4d76.5995536!16s%2Fg%2F11h80b1fgq?authuser=0&hl=en&entry=ttu&g_ep=EgoyMDI2MDYxMC4wIKXMDSoASAFQAw%3D%3D",Medical Clinic,4.4,32
26,India,Rajasthan,The Tuition Centre,N/A,N/A,N/A,N/A,7742765849,"https://www.google.com/maps/place/The+Tuition+Centre/@27.5575209,76.6313319,17z/data=!3m1!4b1!4m6!3m5!1s0x397299f8486178b7:0x6f0a6f87ce045b36!8m2!3d27.5575209!4d76.6313319!16s%2Fg%2F11vw_wf1f9?authuser=0&hl=en&entry=ttu&g_ep=EgoyMDI2MDYxMC4wIKXMDSoASAFQAw%3D%3D",Medical Clinic,0.0,0
27,India,Rajasthan,Manju Hospital,N/A,N/A,N/A,N/A,1442372088,"https://www.google.com/maps/place/Manju+Hospital/@27.5607892,76.6335912,17z/data=!3m1!4b1!4m6!3m5!1s0x397299f96294ce5b:0xe34268cada0b570d!8m2!3d27.5607892!4d76.6335912!16s%2Fg%2F113g84j6x?authuser=0&hl=en&entry=ttu&g_ep=EgoyMDI2MDYxMC4wIKXMDSoASAFQAw%3D%3D",Hospital,3.3,25
28,India,Rajasthan,MD Sharma Clinic,N/A,N/A,N/A,N/A,6376964656,"https://www.google.com/maps/place/MD+Sharma+Clinic/@27.5612282,76.6327155,17z/data=!4m6!3m5!1s0x39729934cabeabe9:0xa9d6f582807a49db!8m2!3d27.5612282!4d76.6327155!16s%2Fg%2F11s1w1mffx?authuser=0&hl=en&entry=ttu&g_ep=EgoyMDI2MDYxMC4wIKXMDSoASAFQAw%3D%3D",Pharmacy,0.0,0
29,USA,Los Angeles,Seaside Learning Center,N/A,N/A,N/A,N/A,15627369965,"https://www.google.com/maps/place/Seaside+Learning+Center/@33.7715168,-118.186073,17z/data=!3m1!4b1!4m6!3m5!1s0x80dd310003676323:0x5e51c1c1201e58c7!8m2!3d33.7715168!4d-118.186073!16s%2Fg%2F11vrsdkz70?authuser=0&hl=en&entry=ttu&g_ep=EgoyMDI2MDYxMC4wIKXMDSoASAFQAw%3D%3D",Adult day care center,5.0,2
30,USA,Los Angeles,Crystal Clear Learning Center,N/A,N/A,N/A,N/A,15624795201,"https://www.google.com/maps/place/Crystal+Clear+Learning+Center/@33.7780661,-118.1925364,17z/data=!3m1!4b1!4m6!3m5!1s0x80dd31f768541cb5:0x81932a7d83975b08!8m2!3d33.7780661!4d-118.1925364!16s%2Fg%2F11h_vydjky?authuser=0&hl=en&entry=ttu&g_ep=EgoyMDI2MDYxMC4wIKXMDSoASAFQAw%3D%3D",Learning Center,5.0,2
31,USA,Los Angeles,San Pedro Adult Learning Center,N/A,N/A,N/A,N/A,13105474425,"https://www.google.com/maps/place/San+Pedro+Adult+Learning+Center/@33.7446711,-118.2978307,17z/data=!3m1!4b1!4m6!3m5!1s0x80dd3620687f732d:0x6ebe1febed611150!8m2!3d33.7446711!4d-118.2978307!16s%2Fg%2F1thlzrlx?authuser=0&hl=en&entry=ttu&g_ep=EgoyMDI2MDYxMC4wIKXMDSoASAFQAw%3D%3D",Adult education school,4.8,29
32,USA,Los Angeles,Adult School Head Start,N/A,N/A,N/A,N/A,15629894678,"https://www.google.com/maps/place/Adult+School+Head+Start/@33.8046932,-118.149115,17z/data=!3m1!4b1!4m6!3m5!1s0x80dd3228237b9a5d:0x2c0a8682659dd53b!8m2!3d33.8046932!4d-118.149115!16s%2Fg%2F1vrq9yql?authuser=0&hl=en&entry=ttu&g_ep=EgoyMDI2MDYxMC4wIKXMDSoASAFQAw%3D%3D",Adult education school,5.0,2
33,USA,Los Angeles,Student Learning Center (SLC),N/A,N/A,N/A,N/A,15629248088,"https://www.google.com/maps/place/Student+Learning+Center+(SLC)/@33.8756134,-118.0717287,17z/data=!3m1!4b1!4m6!3m5!1s0x80dd2d0ef2d5ef25:0xa2bc6a45120c6fd9!8m2!3d33.8756134!4d-118.0717287!16s%2Fg%2F1tqg0n1k?authuser=0&hl=en&entry=ttu&g_ep=EgoyMDI2MDYxMC4wIKXMDSoASAFQAw%3D%3D",Learning Center,5.0,11
34,India,Gujarat,Gurukul Hospital,N/A,N/A,N/A,N/A,8040378520,"https://www.google.com/maps/place/Gurukul+Hospital/@21.6034,71.2229,17z/data=!3m1!4b1!4m6!3m5!1s0x395880c40868c143:0xb0cbce416fdd22b2!8m2!3d21.6034!4d71.2229!16s%2Fg%2F11cn942s4k?authuser=0&hl=en&entry=ttu&g_ep=EgoyMDI2MDYxMC4wIKXMDSoASAFQAw%3D%3D",Hospital,2.5,2
35,India,Gujarat,Sidhi Vinayak Diagnostic Centre,N/A,N/A,N/A,N/A,2792225102,"https://www.google.com/maps/place/Sidhi+Vinayak+Diagnostic+Centre/@21.6010257,71.2193235,17z/data=!3m1!4b1!4m6!3m5!1s0x39588158b13433c3:0x8818d9f4a680b2c6!8m2!3d21.6010257!4d71.2193235!16s%2Fg%2F11n16pq5s9?authuser=0&hl=en&entry=ttu&g_ep=EgoyMDI2MDYxMC4wIKXMDSoASAFQAw%3D%3D",Medical Clinic,4.9,8
36,India,Gujarat,Kailash clinic,N/A,N/A,N/A,N/A,9428469846,"https://www.google.com/maps/place/Kailash+clinic/@21.6071314,71.2332012,17z/data=!3m1!4b1!4m6!3m5!1s0x395880dbcd993a61:0x2d5da75917177fc1!8m2!3d21.6071314!4d71.2332012!16s%2Fg%2F11dx9g96p_?authuser=0&hl=en&entry=ttu&g_ep=EgoyMDI2MDYxMC4wIKXMDSoASAFQAw%3D%3D",Skin care clinic,4.7,23
37,India,Gujarat,GURUKRUPA MEDICAL STORE,N/A,N/A,N/A,N/A,9909614797,"https://www.google.com/maps/place/GURUKRUPA+MEDICAL+STORE/@21.6133358,71.2184221,17z/data=!3m1!4b1!4m6!3m5!1s0x395880c99b7f0d29:0xaa6eaba283639e14!8m2!3d21.6133358!4d71.2184221!16s%2Fg%2F11c31y0_q1?authuser=0&hl=en&entry=ttu&g_ep=EgoyMDI2MDYxMC4wIKXMDSoASAFQAw%3D%3D",Pharmacy,5.0,1
38,India,Gujarat,Shyam Eye Hospital,N/A,N/A,N/A,N/A,8758535000,"https://www.google.com/maps/place/Shyam+Eye+Hospital/@21.6003785,71.2186992,17z/data=!3m1!4b1!4m6!3m5!1s0x395881353acbc655:0xc24b3e399335f255!8m2!3d21.6003785!4d71.2186992!16s%2Fg%2F11qnrzf4h8?authuser=0&hl=en&entry=ttu&g_ep=EgoyMDI2MDYxMC4wIKXMDSoASAFQAw%3D%3D",Civic center,4.9,18
39,India,Gujarat,OMKAR ANORECTAL - PILES CLINIC,N/A,N/A,N/A,N/A,9898713841,"https://www.google.com/maps/place/OMKAR+ANORECTAL+-+PILES+CLINIC/@21.6003366,71.2171536,17z/data=!3m1!4b1!4m6!3m5!1s0x395880c09c60d691:0x1fdb17b16b1d6761!8m2!3d21.6003366!4d71.2171536!16s%2Fg%2F11d_8d6f9y?authuser=0&hl=en&entry=ttu&g_ep=EgoyMDI2MDYxMC4wIKXMDSoASAFQAw%3D%3D",Hospital,4.9,147
40,India,Gujarat,Radhika Multispeciality Hospital,N/A,N/A,N/A,N/A,2792223316,"https://www.google.com/maps/place/Radhika+Multispeciality+Hospital/@21.6150701,71.219842,17z/data=!3m1!4b1!4m6!3m5!1s0x395880cbcff9c56f:0x910c4b8efc3a184a!8m2!3d21.6150701!4d71.219842!16s%2Fg%2F1tdn2h44?authuser=0&hl=en&entry=ttu&g_ep=EgoyMDI2MDYxMC4wIKXMDSoASAFQAw%3D%3D",Hospital,4.2,93
41,India,Gujarat,District TB Centre Amreli,N/A,N/A,N/A,N/A,2792299047,"https://www.google.com/maps/place/District+TB+Centre+Amreli/@21.6066848,71.221279,17z/data=!3m1!4b1!4m6!3m5!1s0x395881a139c01211:0xb3e80b9491a8bb86!8m2!3d21.6066848!4d71.221279!16s%2Fg%2F11js9yhty5?authuser=0&hl=en&entry=ttu&g_ep=EgoyMDI2MDYxMC4wIKXMDSoASAFQAw%3D%3D",Hospital,5.0,19
42,India,Gujarat,Kalrav Hospital,N/A,N/A,N/A,N/A,2792221322,"https://www.google.com/maps/place/Kalrav+Hospital/@21.6010981,71.2240368,17z/data=!3m1!4b1!4m6!3m5!1s0x3958815d3c3ed205:0x3fc36307ddc35115!8m2!3d21.6010981!4d71.2240368!16s%2Fg%2F11gmxxv7mx?authuser=0&hl=en&entry=ttu&g_ep=EgoyMDI2MDYxMC4wIKXMDSoASAFQAw%3D%3D",Hospital,4.3,63
43,India,Gujarat,Nitya Skin Clinic,N/A,N/A,N/A,N/A,9313571971,"https://www.google.com/maps/place/Nitya+Skin+Clinic/@21.6033072,71.2220253,17z/data=!3m1!4b1!4m6!3m5!1s0x395881e1845e471d:0x2dcc10907cc1a1c3!8m2!3d21.6033072!4d71.2220253!16s%2Fg%2F11lpgz_brb?authuser=0&hl=en&entry=ttu&g_ep=EgoyMDI2MDYxMC4wIKXMDSoASAFQAw%3D%3D",Skin care clinic,5.0,9
44,India,Gujarat,AYURGLOW AYURVEDIC AESTHETICS,N/A,N/A,N/A,N/A,9106020550,"https://www.google.com/maps/place/AYURGLOW+AYURVEDIC+AESTHETICS/@21.6008792,71.2193067,17z/data=!3m1!4b1!4m6!3m5!1s0x395881006b593d7d:0xfa7fba0171e32491!8m2!3d21.6008792!4d71.2193067!16s%2Fg%2F11ms6_8j0x?authuser=0&hl=en&entry=ttu&g_ep=EgoyMDI2MDYxMC4wIKXMDSoASAFQAw%3D%3D",Skin care clinic,5.0,9
45,India,Gujarat,Radheshyam Hospital,N/A,N/A,N/A,N/A,9426969069,"https://www.google.com/maps/place/Radheshyam+Hospital/@21.6004095,71.2182511,17z/data=!3m1!4b1!4m6!3m5!1s0x395880c0f74604cf:0xc8682d661e878830!8m2!3d21.6004095!4d71.2182511!16s%2Fg%2F1260f004r?authuser=0&hl=en&entry=ttu&g_ep=EgoyMDI2MDYxMC4wIKXMDSoASAFQAw%3D%3D",Medical Clinic,4.8,4
46,India,Gujarat,"Swastik Hospital, Dr. Ashis N. Rasputra, Orthopedics ,Amreli",N/A,N/A,N/A,N/A,2792226622,"https://www.google.com/maps/place/Swastik+Hospital,+Dr.+Ashis+N.+Rasputra,+Orthopedics+,Amreli/@21.5992006,71.2195909,17z/data=!3m1!4b1!4m6!3m5!1s0x395880c190000007:0xbb2ed960a57744aa!8m2!3d21.5992006!4d71.2195909!16s%2Fg%2F11gd_c1g3w?authuser=0&hl=en&entry=ttu&g_ep=EgoyMDI2MDYxMC4wIKXMDSoASAFQAw%3D%3D",Hospital,4.8,56
47,India,Gujarat,"Dev Diagnostic Center | Dr. Deval Chauhan Amreli, Gujarat",N/A,N/A,N/A,N/A,9687633319,"https://www.google.com/maps/place/Dev+Diagnostic+Center+%7C+Dr.+Deval+Chauhan+Amreli,+Gujarat/@21.5969782,71.2200135,17z/data=!3m1!4b1!4m6!3m5!1s0x39588152bdb5c787:0xe9e1176a6d032cdb!8m2!3d21.5969782!4d71.2200135!16s%2Fg%2F11fqb_d5z1?authuser=0&hl=en&entry=ttu&g_ep=EgoyMDI2MDYxMC4wIKXMDSoASAFQAw%3D%3D",Hospital,3.1,32
48,India,Gujarat,MARUTI CLINIC,N/A,N/A,N/A,N/A,9537508866,"https://www.google.com/maps/place/MARUTI+CLINIC/@21.5923152,71.233901,17z/data=!3m1!4b1!4m6!3m5!1s0x395881695730c6c3:0x85cc8b8503694fe2!8m2!3d21.5923152!4d71.233901!16s%2Fg%2F11m6zpk7z8?authuser=0&hl=en&entry=ttu&g_ep=EgoyMDI2MDYxMC4wIKXMDSoASAFQAw%3D%3D",Doctor,5.0,1
49,India,Gujarat,SHREEJI CLINICAL LABORATORY AMRELI,N/A,N/A,N/A,N/A,8320046253,"https://www.google.com/maps/place/SHREEJI+CLINICAL+LABORATORY+AMRELI/@21.5987955,71.2196457,17z/data=!3m1!4b1!4m6!3m5!1s0x395881ae70b11157:0x73899a2a9dc34bce!8m2!3d21.5987955!4d71.2196457!16s%2Fg%2F11zks12x4q?authuser=0&hl=en&entry=ttu&g_ep=EgoyMDI2MDYxMC4wIKXMDSoASAFQAw%3D%3D",Diagnostic Center ,5.0,3
50,India,Gujarat,"Sudani Children Hospital - Best Pediatricin in Amreli with NICU, PICU, Vaccination and PMJay facility",N/A,N/A,N/A,N/A,9879867871,"https://www.google.com/maps/place/Sudani+Children+Hospital+-+Best+Pediatricin+in+Amreli+with+NICU,+PICU,+Vaccination+and+PMJay+facility/@21.6008135,71.2235543,17z/data=!3m1!4b1!4m6!3m5!1s0x3958818864f7e651:0x5733f1f44fce02b5!8m2!3d21.6008135!4d71.2235543!16s%2Fg%2F11v6pc5zfj?authuser=0&hl=en&entry=ttu&g_ep=EgoyMDI2MDYxMC4wIKXMDSoASAFQAw%3D%3D",Hospital,5.0,26
51,India,Gujarat,Dr.P. P. PANCHAL,N/A,N/A,N/A,N/A,2792223338,"https://www.google.com/maps/place/Dr.P.+P.+PANCHAL/@21.6009611,71.2194117,17z/data=!3m1!4b1!4m6!3m5!1s0x395881cf038565f7:0xe4a32045690e0de!8m2!3d21.6009611!4d71.2194117!16s%2Fg%2F11jjl9w8cz?authuser=0&hl=en&entry=ttu&g_ep=EgoyMDI2MDYxMC4wIKXMDSoASAFQAw%3D%3D",Hospital,4.1,22
52,India,Gujarat,Valam skin clinic,N/A,N/A,N/A,N/A,9898390928,"https://www.google.com/maps/place/Valam+skin+clinic/@21.6028131,71.2221837,17z/data=!3m1!4b1!4m6!3m5!1s0x39588155bfb981e1:0x96a27bd759341182!8m2!3d21.6028131!4d71.2221837!16s%2Fg%2F11nnn8jp2t?authuser=0&hl=en&entry=ttu&g_ep=EgoyMDI2MDYxMC4wIKXMDSoASAFQAw%3D%3D",Hospital,5.0,1
53,India,Gujarat,Shreeji Hospital,N/A,N/A,N/A,N/A,9574413737,"https://www.google.com/maps/place/Shreeji+Hospital/@21.5999293,71.2172738,17z/data=!3m1!4b1!4m6!3m5!1s0x395880c0a078b0c3:0x4e070a605a0c4072!8m2!3d21.5999293!4d71.2172738!16s%2Fg%2F1hm43_pmg?authuser=0&hl=en&entry=ttu&g_ep=EgoyMDI2MDYxMC4wIKXMDSoASAFQAw%3D%3D",Hospital,4.7,3
54,India,Gujarat,Sojitra Surgical Hospital,N/A,N/A,N/A,N/A,2792233685,"https://www.google.com/maps/place/Sojitra+Surgical+Hospital/@21.5988122,71.2181465,17z/data=!3m1!4b1!4m6!3m5!1s0x395880c046019e79:0x98e0c66be0b6c369!8m2!3d21.5988122!4d71.2181465!16s%2Fg%2F11c20b3zc_?authuser=0&hl=en&entry=ttu&g_ep=EgoyMDI2MDYxMC4wIKXMDSoASAFQAw%3D%3D",Hospital,4.1,12
55,India,Gujarat,Shushrut Ayurved Hospital,N/A,N/A,N/A,N/A,7211129598,"https://www.google.com/maps/place/Shushrut+Ayurved+Hospital+-+Best+Ayurvedic+Treatment+%7C+Best+Ayurvedic+Doctor+in+Amreli+-+Dr.+Dixita+Bhanderi/@21.5987403,71.2202273,17z/data=!3m1!4b1!4m6!3m5!1s0x395881774605aa2b:0xdc132176707f3b19!8m2!3d21.5987403!4d71.2202273!16s%2Fg%2F11xykbnxxq?authuser=0&hl=en&entry=ttu&g_ep=EgoyMDI2MDYxMC4wIKXMDSoASAFQAw%3D%3D",Hospital,5.0,79
56,India,Gujarat,Parmar X-ray And Sonography clinic,N/A,N/A,N/A,N/A,2792223080,"https://www.google.com/maps/place/Parmar+X-ray+And+Sonography+clinic/@21.6008691,71.2193106,17z/data=!3m1!4b1!4m6!3m5!1s0x395880c11cc0734b:0x8beefe96c78b4025!8m2!3d21.6008691!4d71.2193106!16s%2Fg%2F11hbvyfy5r?authuser=0&hl=en&entry=ttu&g_ep=EgoyMDI2MDYxMC4wIKXMDSoASAFQAw%3D%3D",Hospital,5.0,4
57,India,Gujarat,Drashti Hospital,N/A,N/A,N/A,N/A,2792233565,"https://www.google.com/maps/place/Drashti+Hospital/@21.6124466,71.2185858,17z/data=!3m1!4b1!4m6!3m5!1s0x395880c9a6adc983:0x37eb1754608fd0d7!8m2!3d21.6124466!4d71.2185858!16s%2Fg%2F1hdznl1f4?authuser=0&hl=en&entry=ttu&g_ep=EgoyMDI2MDYxMC4wIKXMDSoASAFQAw%3D%3D",Hospital,3.9,33
58,India,Los Angeles,Cabrillo Lane Adult Educational Center,N/A,N/A,N/A,N/A,15629265566,"https://www.google.com/maps/place/Cabrillo+Lane+Adult+Educational+Center/@33.847284,-118.079292,17z/data=!3m1!4b1!4m6!3m5!1s0x80dd2dba2e394e7f:0x715a16a67c1979b4!8m2!3d33.847284!4d-118.079292!16s%2Fg%2F11c52c3vy_?authuser=0&hl=en&entry=ttu&g_ep=EgoyMDI2MDYxMC4wIKXMDSoASAFQAw%3D%3D",Educational Institution,3.3,3
59,India,Los Angeles,Hearing Coordination Center,N/A,N/A,N/A,N/A,15629338152,"https://www.google.com/maps/place/Hearing+Coordination+Center/@33.8079754,-118.1866967,17z/data=!3m1!4b1!4m6!3m5!1s0x80dd33e918d6841d:0x533a168c528dd6ee!8m2!3d33.8079754!4d-118.1866967!16s%2Fg%2F11btrs84tc?authuser=0&hl=en&entry=ttu&g_ep=EgoyMDI2MDYxMC4wIKXMDSoASAFQAw%3D%3D",ENT Specialist,0.0,0
60,India,Los Angeles,BDL,N/A,N/A,N/A,N/A,15624982100,"https://www.google.com/maps/place/BDL/@33.7882653,-118.1461045,17z/data=!3m1!4b1!4m6!3m5!1s0x80dd31974037eb31:0x1cb774eaa4ddbe0a!8m2!3d33.7882653!4d-118.1461045!16s%2Fg%2F126324zj2?authuser=0&hl=en&entry=ttu&g_ep=EgoyMDI2MDYxMC4wIKXMDSoASAFQAw%3D%3D",Medical laboratory,0.0,0
61,India,Los Angeles,Long Beach Center For Clinical Research,N/A,N/A,N/A,N/A,15625959366,"https://www.google.com/maps/place/Long+Beach+Center+For+Clinical+Research/@33.8094561,-118.1853139,17z/data=!3m1!4b1!4m6!3m5!1s0x80dd33e9759a1c4b:0x376542dfac962cc4!8m2!3d33.8094561!4d-118.1853139!16s%2Fg%2F1wj_6bg4?authuser=0&hl=en&entry=ttu&g_ep=EgoyMDI2MDYxMC4wIKXMDSoASAFQAw%3D%3D",Medical Center,3.8,8
62,India,Los Angeles,Memorial Medical Building,N/A,N/A,N/A,N/A,15629332000,"https://www.google.com/maps/place/Memorial+Medical+Building/@33.8093735,-118.1854339,17z/data=!3m1!4b1!4m6!3m5!1s0x80dd33e97773f6a3:0x747b6f5ebd103edf!8m2!3d33.8093735!4d-118.1854339!16s%2Fg%2F11c56rhtn5?authuser=0&hl=en&entry=ttu&g_ep=EgoyMDI2MDYxMC4wIKXMDSoASAFQAw%3D%3D",Doctor,4.3,3
63,India,Haryana ,Mahima ENT Hospital,N/A,N/A,N/A,N/A,1274225758,"https://www.google.com/maps/place/Mahima+ENT+Hospital/@28.1908814,76.6121922,17z/data=!3m1!4b1!4m6!3m5!1s0x390d507156c05437:0x278ed9d30f7bdd0e!8m2!3d28.1908814!4d76.6121922!16s%2Fg%2F11dz3p6nk8?authuser=0&hl=en&entry=ttu&g_ep=EgoyMDI2MDYxMC4wIKXMDSoASAFQAw%3D%3D",Hospital,3.9,37
64,India,Haryana ,Drishti Superspeciality Eye Hospital,N/A,N/A,N/A,N/A,9306797710,"https://www.google.com/maps/place/Drishti+Superspeciality+Eye+Hospital/@28.1899363,76.6144928,17z/data=!3m1!4b1!4m6!3m5!1s0x390d5b9e9bf1a345:0xc95e65c6f5f267d1!8m2!3d28.1899363!4d76.6144928!16s%2Fg%2F11h899f1k7?authuser=0&hl=en&entry=ttu&g_ep=EgoyMDI2MDYxMC4wIKXMDSoASAFQAw%3D%3D",Ophthalmologist,4.9,321
65,India,Haryana ,SANJIVINI EYE CARE HOSPITAL,N/A,N/A,N/A,N/A,9729627456,"https://www.google.com/maps/place/SANJIVINI+EYE+CARE+HOSPITAL/@28.1951767,76.6212322,17z/data=!3m1!4b1!4m6!3m5!1s0x390d5b6c5a3da3fd:0xeb3f6348c43f44eb!8m2!3d28.1951767!4d76.6212322!16s%2Fg%2F11fm_2slt4?authuser=0&hl=en&entry=ttu&g_ep=EgoyMDI2MDYxMC4wIKXMDSoASAFQAw%3D%3D",Hospital,4.9,173
66,India,Haryana ,Kumar Eye Hospital,N/A,N/A,N/A,N/A,8686828261,"https://www.google.com/maps/place/Kumar+Eye+Hospital/@28.1972661,76.6088098,17z/data=!3m1!4b1!4m6!3m5!1s0x390d51b93ab64793:0xf43af5c275cb9169!8m2!3d28.1972661!4d76.6088098!16s%2Fg%2F11jclr_4sp?authuser=0&hl=en&entry=ttu&g_ep=EgoyMDI2MDYxMC4wIKXMDSoASAFQAw%3D%3D",Hospital,4.9,245
67,India,Haryana ,Ganga Devi Eye Hospital Pvt. Ltd.,N/A,N/A,N/A,N/A,9991712690,"https://www.google.com/maps/place/Ganga+Devi+Eye+Hospital+Pvt.+Ltd./@28.1935905,76.6228564,17z/data=!3m1!4b1!4m6!3m5!1s0x390d51be351b3213:0x46265e01b20624e0!8m2!3d28.1935905!4d76.6228564!16s%2Fg%2F11vlq9nycd?authuser=0&hl=en&entry=ttu&g_ep=EgoyMDI2MDYxMC4wIKXMDSoASAFQAw%3D%3D",Hospital,5.0,212
68,India,Haryana ,R Yadav Surgical & Rekha Eye Hospital,N/A,N/A,N/A,N/A,9467240889,"https://www.google.com/maps/place/R+Yadav+Surgical+%26+Rekha+Eye+Hospital/@28.1983285,76.60981,17z/data=!3m1!4b1!4m6!3m5!1s0x390d5a9d0a188cdd:0x92bd0055c5736e59!8m2!3d28.1983285!4d76.60981!16s%2Fg%2F1ptxxwj1z?authuser=0&hl=en&entry=ttu&g_ep=EgoyMDI2MDYxMC4wIKXMDSoASAFQAw%3D%3D",Hospital,3.4,62
69,India,Haryana ,KUNAL EYE HOSPITAL REWARI,N/A,N/A,N/A,N/A,7015055229,"https://www.google.com/maps/place/KUNAL+EYE+HOSPITAL+REWARI/@28.2032381,76.6187134,17z/data=!3m1!4b1!4m6!3m5!1s0x390d5bffcff18a7d:0x7fa1d41877b4acd9!8m2!3d28.2032381!4d76.6187134!16s%2Fg%2F11ghlwn91v?authuser=0&hl=en&entry=ttu&g_ep=EgoyMDI2MDYxMC4wIKXMDSoASAFQAw%3D%3D",Hospital,4.3,10
70,India,Haryana ,Dr. Gautam Yadav - Best Cataract & Lasik Doctor at Eye-Q Hospitals Rewari,N/A,N/A,N/A,N/A,8044852771,"https://www.google.com/maps/place/Dr.+Gautam+Yadav+-+Best+Cataract+%26+Lasik+Doctor+at+Eye-Q+Hospitals+Rewari/@28.1926841,76.6196008,17z/data=!3m1!4b1!4m6!3m5!1s0x390d51e0b038bae5:0xe2f7af40f33ce54a!8m2!3d28.1926841!4d76.6196008!16s%2Fg%2F11z806kzcb?authuser=0&hl=en&entry=ttu&g_ep=EgoyMDI2MDYxMC4wIKXMDSoASAFQAw%3D%3D",Ophthalmologist,0.0,0
71,India,Haryana ,Sharp eye hospital & Optical,N/A,N/A,N/A,N/A,9817251849,"https://www.google.com/maps/place/Sharp+eye+hospital+%26+Optical/@28.179703,76.6234908,17z/data=!3m1!4b1!4m6!3m5!1s0x390d5b22f4cf10d7:0xab5a5bba1b158ddb!8m2!3d28.179703!4d76.6234908!16s%2Fg%2F11h7f_lcv_?authuser=0&hl=en&entry=ttu&g_ep=EgoyMDI2MDYxMC4wIKXMDSoASAFQAw%3D%3D",Hospital,4.3,7
72,India,Haryana ,𝗢𝗽𝘁𝗶𝗰 𝗩𝗶𝘀𝗶𝗼𝗻 - Best Optical Showroom/Sunglasses Shop/Chasmewale/Best Optician in Rewari,N/A,N/A,N/A,N/A,8199888686,"https://www.google.com/maps/place/%F0%9D%97%A2%F0%9D%97%BD%F0%9D%98%81%F0%9D%97%B6%F0%9D%97%B0+%F0%9D%97%A9%F0%9D%97%B6%F0%9D%98%80%F0%9D%97%B6%F0%9D%97%BC%F0%9D%97%BB+-+Best+Optical+Showroom%2FSunglasses+Shop%2FChasmewale%2FBest+Optician+in+Rewari/@28.1920702,76.6100547,17z/data=!3m1!4b1!4m6!3m5!1s0x390d51718d234f87:0x65694708bcc9e45e!8m2!3d28.1920702!4d76.6126296!16s%2Fg%2F11v076yy8m?authuser=0&hl=en&entry=ttu&g_ep=EgoyMDI2MDYxMC4wIKXMDSoASAFQAw%3D%3D",Optician,5.0,191
73,India,Haryana ,Urban Lens,N/A,N/A,N/A,N/A,9992853255,"https://www.google.com/maps/place/Urban+Lens/@28.183607,76.616244,17z/data=!3m1!4b1!4m6!3m5!1s0x390d51638b9918a3:0x4a0a6570a844f827!8m2!3d28.183607!4d76.616244!16s%2Fg%2F11qprxvrs_?authuser=0&hl=en&entry=ttu&g_ep=EgoyMDI2MDYxMC4wIKXMDSoASAFQAw%3D%3D",Optician,4.9,464
74,India,Haryana ,M.D Dental Clinic,N/A,N/A,N/A,N/A,8307301608,"https://www.google.com/maps/place/M.D+Dental+Clinic/@28.1863256,76.6294973,17z/data=!3m1!4b1!4m6!3m5!1s0x390d51d78d9f75f5:0xb05cf47107195b74!8m2!3d28.1863256!4d76.6294973!16s%2Fg%2F11gxrvvnj1?authuser=0&hl=en&entry=ttu&g_ep=EgoyMDI2MDYxMC4wIKXMDSoASAFQAw%3D%3D",Dental Clinic,5.0,102
75,India,Haryana ,FAMILY EYE OPTICAL,N/A,N/A,N/A,N/A,9599579938,"https://www.google.com/maps/place/FAMILY+EYE+OPTICAL/@28.1918544,76.6122475,17z/data=!3m1!4b1!4m6!3m5!1s0x390d5b8d35f6714d:0x51b928976830193a!8m2!3d28.1918544!4d76.6122475!16s%2Fg%2F11w42ffb9t?authuser=0&hl=en&entry=ttu&g_ep=EgoyMDI2MDYxMC4wIKXMDSoASAFQAw%3D%3D",Optician,5.0,33
76,India,Haryana ,Shiva optics,N/A,N/A,N/A,N/A,7015318814,"https://www.google.com/maps/place/Shiva+optics/@28.1986138,76.6136816,17z/data=!3m1!4b1!4m6!3m5!1s0x390d5a9e40308fd1:0xd9fe53f45779dd92!8m2!3d28.1986138!4d76.6136816!16s%2Fg%2F11g6hwfkkb?authuser=0&hl=en&entry=ttu&g_ep=EgoyMDI2MDYxMC4wIKXMDSoASAFQAw%3D%3D",Optician,4.7,94
77,India,Haryana ,Medicure Hospital Rewari,N/A,N/A,N/A,N/A,9350612828,"https://www.google.com/maps/place/Medicure+Hospital+Rewari/@28.1881786,76.6348578,17z/data=!3m1!4b1!4m6!3m5!1s0x390d51f244a6e1c7:0x70f8e8468bfa4ae6!8m2!3d28.1881786!4d76.6348578!16s%2Fg%2F11lrkkq5j8?authuser=0&hl=en&entry=ttu&g_ep=EgoyMDI2MDYxMC4wIKXMDSoASAFQAw%3D%3D",Hospital,4.2,5
78,India,Haryana ,Shree Sai Opticals & Eye Spectacles,N/A,N/A,N/A,N/A,8307424145,"https://www.google.com/maps/place/Shree+Sai+Opticals+%26+Eye+Spectacles/@28.1921541,76.6115328,17z/data=!3m1!4b1!4m6!3m5!1s0x390d51396c01c975:0x9cb9d4dbf672a6ff!8m2!3d28.1921541!4d76.6115328!16s%2Fg%2F11rv0jv23r?authuser=0&hl=en&entry=ttu&g_ep=EgoyMDI2MDYxMC4wIKXMDSoASAFQAw%3D%3D",Optician,5.0,57
79,India,Haryana ,Dr. Sandeep Yadav Hospital,N/A,N/A,N/A,N/A,9813410856,"https://www.google.com/maps/place/Dr.+Sandeep+Yadav+Hospital/@28.19034,76.6206378,17z/data=!3m1!4b1!4m6!3m5!1s0x390d500cf0a75793:0xa4713a6ed1b9fb4!8m2!3d28.19034!4d76.6206378!16s%2Fg%2F11g69h5myq?authuser=0&hl=en&entry=ttu&g_ep=EgoyMDI2MDYxMC4wIKXMDSoASAFQAw%3D%3D",Hospital,4.1,114
80,India,Haryana ,"Sanjay Dental Clinic ' Implant and Orthodontic Centre' ( 1st dental clinic in South Haryana run by MDS, PhD - Scholars)",N/A,N/A,N/A,N/A,9896892120,"https://www.google.com/maps/place/Sanjay+Dental+Clinic+'+Implant+and+Orthodontic+Centre'+(+1st+dental+clinic+in+South+Haryana+run+by+MDS,+PhD+-+Scholars)/@28.1876417,76.6142321,17z/data=!3m1!4b1!4m6!3m5!1s0x390d500955555555:0xbaef8eac2f3339d6!8m2!3d28.1876417!4d76.6142321!16s%2Fg%2F11c0p_sbr8?authuser=0&hl=en&entry=ttu&g_ep=EgoyMDI2MDYxMC4wIKXMDSoASAFQAw%3D%3D",Dental Clinic,4.9,313
81,India,Haryana ,Devshree Dental Care- Best Dental Implant Hospital | Smile Designing with Zirconia Crowns | Affordable Painless RCT in Rewari,N/A,N/A,N/A,N/A,9518822965,"https://www.google.com/maps/place/Devshree+Dental+Care-+Best+Dental+Implant+Hospital+%7C+Smile+Designing+with+Zirconia+Crowns+%7C+Affordable+Painless+RCT+in+Rewari/@28.1808094,76.6187849,17z/data=!3m1!4b1!4m6!3m5!1s0x390d5143999c5e07:0x9c39751f2bbdaf26!8m2!3d28.1808094!4d76.6187849!16s%2Fg%2F11h7b1bv24?authuser=0&hl=en&entry=ttu&g_ep=EgoyMDI2MDYxMC4wIKXMDSoASAFQAw%3D%3D",Dental Clinic,5.0,277
82,India,Haryana ,SHIVA DENTAL CLINIC,N/A,N/A,N/A,N/A,8571829603,"https://www.google.com/maps/place/SHIVA+DENTAL+CLINIC/@28.196061,76.6089183,17z/data=!3m1!4b1!4m6!3m5!1s0x390d51eab443c11f:0xa503ba138a52b2c3!8m2!3d28.196061!4d76.6089183!16s%2Fg%2F11ss4kjlpw?authuser=0&hl=en&entry=ttu&g_ep=EgoyMDI2MDYxMC4wIKXMDSoASAFQAw%3D%3D",Medical Clinic,5.0,107
83,India,Haryana ,Rewari Wale Ahuja dental clinic,N/A,N/A,N/A,N/A,9812098685,"https://www.google.com/maps/place/Rewari+Wale+Ahuja+dental+clinic/@28.2019926,76.612159,17z/data=!3m1!4b1!4m6!3m5!1s0x390d5be1acb5423f:0x8e754b1b53fc5a09!8m2!3d28.2019926!4d76.612159!16s%2Fg%2F11xm_t49y5?authuser=0&hl=en&entry=ttu&g_ep=EgoyMDI2MDYxMC4wIKXMDSoASAFQAw%3D%3D",Dental Clinic,5.0,65
84,India,Haryana ,Kirti Dental Clinic and Implant Center - Best Root Canal Treatment in Rewari,N/A,N/A,N/A,N/A,8398956799,"https://www.google.com/maps/place/Kirti+Dental+Clinic+and+Implant+Center+-+Best+Root+Canal+Treatment+in+Rewari/@28.1936302,76.6233303,17z/data=!3m1!4b1!4m6!3m5!1s0x390d500be596d6d1:0x4f4e525d308be13d!8m2!3d28.1936302!4d76.6233303!16s%2Fg%2F1ptx4d3sn?authuser=0&hl=en&entry=ttu&g_ep=EgoyMDI2MDYxMC4wIKXMDSoASAFQAw%3D%3D",Dental Clinic,4.8,159
85,India,Haryana ,Smile dental clinic,N/A,N/A,N/A,N/A,9654071036,"https://www.google.com/maps/place/Smile+dental+clinic/@28.2021285,76.6282587,17z/data=!3m1!4b1!4m6!3m5!1s0x390d5ba87e743d13:0x42442971944c93d0!8m2!3d28.2021285!4d76.6282587!16s%2Fg%2F11ynqmqnwt?authuser=0&hl=en&entry=ttu&g_ep=EgoyMDI2MDYxMC4wIKXMDSoASAFQAw%3D%3D",Dentist,5.0,1
86,India,Haryana ,Prakash dental clinic,N/A,N/A,N/A,N/A,9812204986,"https://www.google.com/maps/place/Prakash+dental+clinic/@28.2027183,76.6157865,17z/data=!3m1!4b1!4m6!3m5!1s0x390d5a9f2f8fffff:0x3f5c7dd08add1707!8m2!3d28.2027183!4d76.6157865!16s%2Fg%2F11b8t79ffh?authuser=0&hl=en&entry=ttu&g_ep=EgoyMDI2MDYxMC4wIKXMDSoASAFQAw%3D%3D",Dentist,4.9,84
87,India,Haryana ,Jai Luxmi Dental Clinic (Surgical Specialist),N/A,N/A,N/A,N/A,1274462666,"https://www.google.com/maps/place/Jai+Luxmi+Dental+Clinic+(Surgical+Specialist)/@28.1935456,76.6207518,17z/data=!3m1!4b1!4m6!3m5!1s0x390d5bbace8213f3:0x6581ca942e1a495!8m2!3d28.1935456!4d76.6207518!16s%2Fg%2F11cfcjx8k?authuser=0&hl=en&entry=ttu&g_ep=EgoyMDI2MDYxMC4wIKXMDSoASAFQAw%3D%3D",Dental Clinic,4.8,178
88,USA,San Francisco,Quality Family Health Care,N/A,N/A,N/A,N/A,14083525154,"https://www.google.com/maps/place/Quality+Family+Health+Care/@37.3490254,-121.8629101,17z/data=!3m1!4b1!4m6!3m5!1s0x808fcd32385fe8c5:0x69de7fa3fae5cef2!8m2!3d37.3490254!4d-121.8629101!16s%2Fg%2F1th240yl?authuser=0&hl=en&entry=ttu&g_ep=EgoyMDI2MDYxMC4wIKXMDSoASAFQAw%3D%3D",Medical Clinic,3.6,14
89,USA,San Francisco,San Jose Family Clinic And Lying,N/A,N/A,N/A,N/A,639433414496,"https://www.google.com/maps/place/San+Jose+Family+Clinic+And+Lying/@14.7855416,121.074577,17z/data=!3m1!4b1!4m6!3m5!1s0x3397af8b76d20da7:0xb2b68dbec6668731!8m2!3d14.7855416!4d121.074577!16s%2Fg%2F1hm2bsykj?authuser=0&hl=en&entry=ttu&g_ep=EgoyMDI2MDYxMC4wIKXMDSoASAFQAw%3D%3D",Medical Clinic,0.0,0
90,USA,San Francisco,Saratoga Medical Clinic,N/A,N/A,N/A,N/A,14082436911,"https://www.google.com/maps/place/Saratoga+Medical+Clinic/@37.3075085,-121.9775241,17z/data=!3m1!4b1!4m6!3m5!1s0x808fcabb9245fbdf:0x461c0190dec06a6!8m2!3d37.3075085!4d-121.9775241!16s%2Fg%2F1tp8_8l0?authuser=0&hl=en&entry=ttu&g_ep=EgoyMDI2MDYxMC4wIKXMDSoASAFQAw%3D%3D",Medical Clinic,3.3,10
91,USA,San Francisco,Crescent Medical Center,N/A,N/A,N/A,N/A,14083561111,"https://www.google.com/maps/place/Crescent+Medical+Center/@37.3642424,-121.8485664,17z/data=!3m1!4b1!4m6!3m5!1s0x808e35b3112dd359:0xbe4f8903dce276c8!8m2!3d37.3642424!4d-121.8485664!16s%2Fg%2F1tf6gwd1?authuser=0&hl=en&entry=ttu&g_ep=EgoyMDI2MDYxMC4wIKXMDSoASAFQAw%3D%3D",Medical Clinic,3.9,20
92,USA,San Francisco,unipeo Serra Medical Center,N/A,N/A,N/A,N/A,14086159149,"https://www.google.com/maps/place/Junipeo+Serra+Medical+Center/@37.3162498,-121.9740549,17z/data=!3m1!4b1!4m6!3m5!1s0x808fca95cb192a0b:0xa5d3f3daa779db93!8m2!3d37.3162498!4d-121.9740549!16s%2Fg%2F1tfbcd6g?authuser=0&hl=en&entry=ttu&g_ep=EgoyMDI2MDYxMC4wIKXMDSoASAFQAw%3D%3D",Medical Clinic,5.0,2
93,India,Rajasthan,Samir ENT Centre,,,,,1442340777,"https://www.google.com/maps/place/Samir+ENT+Centre/@27.5689288,76.6125151,17z/data=!3m1!4b1!4m6!3m5!1s0x39729993d8cd233b:0x94f09dd71734ebea!8m2!3d27.5689288!4d76.6125151!16s%2Fg%2F11fhqqptwl?authuser=0&hl=en&entry=ttu&g_ep=EgoyMDI2MDYxNi4wIKXMDSoASAFQAw%3D%3D",ENT Specialist,2.5,60
94,India,Rajasthan,Doctor Rakesh Tiwari E.N.T,,,,,9460749695,"https://www.google.com/maps/place/Doctor+Rakesh+Tiwari+E.N.T/@27.5715294,76.6165835,17z/data=!3m1!4b1!4m6!3m5!1s0x3972992076b5fca9:0x31f786152bc56799!8m2!3d27.5715294!4d76.6165835!16s%2Fg%2F11n5d3sfj0?authuser=0&hl=en&entry=ttu&g_ep=EgoyMDI2MDYxNi4wIKXMDSoASAFQAw%3D%3D",Doctor,4.5,122
95,India,Rajasthan,Dr. Man Singh ENT,,,,,8619863235,"https://www.google.com/maps/place/Dr.+Man+Singh+ENT/@27.5609954,76.6539773,17z/data=!3m1!4b1!4m6!3m5!1s0x39729727ccce150f:0xc533f21e5139f5a!8m2!3d27.5609954!4d76.6539773!16s%2Fg%2F11txkmlvql?authuser=0&hl=en&entry=ttu&g_ep=EgoyMDI2MDYxNi4wIKXMDSoASAFQAw%3D%3D",ENT Specialist,4.8,20
96,India,Rajasthan,Dr. B. M. Sharma,,,,,9784662728,"https://www.google.com/maps/place/Dr.+B.+M.+Sharma/@27.5682422,76.6160046,17z/data=!3m1!4b1!4m6!3m5!1s0x3972996a69ac4ad5:0xefb755b67efe92ec!8m2!3d27.5682422!4d76.6160046!16s%2Fg%2F11pzs38j2g?authuser=0&hl=en&entry=ttu&g_ep=EgoyMDI2MDYxNi4wIKXMDSoASAFQAw%3D%3D",ENT Specialist,4.8,72
97,India,Rajasthan,Dr. R. S. Bansal,,,,,1442347377,"https://www.google.com/maps/place/Dr.+R.+S.+Bansal/@27.5755823,76.6113303,17z/data=!3m1!4b1!4m6!3m5!1s0x3972995ff2c87bfb:0xb17398c887c41e45!8m2!3d27.5755823!4d76.6113303!16s%2Fg%2F11h197mj_0?authuser=0&hl=en&entry=ttu&g_ep=EgoyMDI2MDYxNi4wIKXMDSoASAFQAw%3D%3D",Physician referral service,3.9,34
98,India,Rajasthan,Best ENT surgeon,,,,,7597733115,"https://www.google.com/maps/place/Best+ENT+surgeon/@27.5701408,76.6230397,17z/data=!3m1!4b1!4m6!3m5!1s0x397299f8648a6fad:0xb97ca148325c8602!8m2!3d27.5701408!4d76.6230397!16s%2Fg%2F11lddgyrwz?authuser=0&hl=en&entry=ttu&g_ep=EgoyMDI2MDYxNi4wIKXMDSoASAFQAw%3D%3D",ENT Specialist,0.0,0
99,India,Rajasthan,Dr. Manish Tyagi ENT Clinic,,,,,6378310064,"https://www.google.com/maps/place/Dr.+Manish+Tyagi+ENT+Clinic/@27.5756191,76.6162374,17z/data=!3m1!4b1!4m6!3m5!1s0x3972995db44ff331:0xdcd188e2c1aea790!8m2!3d27.5756191!4d76.6162374!16s%2Fg%2F11svdq8slr?authuser=0&hl=en&entry=ttu&g_ep=EgoyMDI2MDYxNi4wIKXMDSoASAFQAw%3D%3D",Doctor,5.0,10
100,India,Rajasthan,Shivay dental clinic,,,,,7240729201,"https://www.google.com/maps/place/Shivay+dental+clinic/@27.5892151,76.6223605,17z/data=!3m1!4b1!4m6!3m5!1s0x397299ff3b1093a1:0xb5fa9af69b0dfa03!8m2!3d27.5892151!4d76.6223605!16s%2Fg%2F11nj5p64jq?authuser=0&hl=en&entry=ttu&g_ep=EgoyMDI2MDYxNi4wIKXMDSoASAFQAw%3D%3D",Dental Clinic,5.0,6
101,India,Rajasthan,Dr. Ashok Choudhary (ENT) & Dr. Priyanka Choudhary (Pedia) clinic,,,,,8396965419,"https://www.google.com/maps/place/Dr.+Ashok+Choudhary+(ENT)+%26+Dr.+Priyanka+Choudhary+(Pedia)+clinic/@27.5533606,76.6444537,17z/data=!3m1!4b1!4m6!3m5!1s0x39729b0029289be1:0x73d0a1095f262856!8m2!3d27.5533606!4d76.6444537!16s%2Fg%2F11w8fm9dyd?authuser=0&hl=en&entry=ttu&g_ep=EgoyMDI2MDYxNi4wIKXMDSoASAFQAw%3D%3D",ENT Specialist,5.0,70
102,India,Rajasthan,Dr. Mukesh Gupta,,,,,9414017227,"https://www.google.com/maps/place/Dr.+Mukesh+Gupta/@27.5626855,76.6051917,17z/data=!3m1!4b1!4m6!3m5!1s0x39729a25836650f5:0x3623d29dee544964!8m2!3d27.5626855!4d76.6051917!16s%2Fg%2F11c0phmnfy?authuser=0&hl=en&entry=ttu&g_ep=EgoyMDI2MDYxNi4wIKXMDSoASAFQAw%3D%3D",Speech & Hearing Specialist,3.7,44
103,India,Rajasthan,Gayatri Dental Hospital,,,,,7665323288,"https://www.google.com/maps/place/Gayatri+Dental+Hospital/@27.6023089,76.6131426,17z/data=!3m1!4b1!4m6!3m5!1s0x397299d5eede1d3b:0xfca4290875db258e!8m2!3d27.6023089!4d76.6131426!16s%2Fg%2F11yts7lp_q?authuser=0&hl=en&entry=ttu&g_ep=EgoyMDI2MDYxNi4wIKXMDSoASAFQAw%3D%3D",Dental Clinic,5.0,7
104,India,Rajasthan,Khandelwal Dental Hospital -Aesthetic and Implant Centre - (Dental implant),,,,,9414459113,"https://www.google.com/maps/place/Khandelwal+Dental+Hospital+-Aesthetic+and+Implant+Centre+-+(Dental+implant)/@27.5823935,76.6197061,17z/data=!3m1!4b1!4m6!3m5!1s0x397299c0c9cdf0a5:0x414cc38b829fb35!8m2!3d27.5823935!4d76.6197061!16s%2Fg%2F11cs12np4x?authuser=0&hl=en&entry=ttu&g_ep=EgoyMDI2MDYxNi4wIKXMDSoASAFQAw%3D%3D",Dental Clinic,5.0,"1,126"
105,India,Rajasthan,Bharti Dental Hospital,,,,,9799559775,"https://www.google.com/maps/place/Bharti+Dental+Hospital+(Dr.+Sachin+Yadav)+%7C%7C+MDS+BDS+%7C%7C+Dental+Implant+%7C+Smile+Design+%7C+RCT+%7C+Fix+teeth+%7C+Child+dental+care/@27.5925654,76.6252567,17z/data=!3m1!4b1!4m6!3m5!1s0x397299ef2c23053f:0xb0abeade36ec68cf!8m2!3d27.5925654!4d76.6252567!16s%2Fg%2F11sfg8wmcj?authuser=0&hl=en&entry=ttu&g_ep=EgoyMDI2MDYxNi4wIKXMDSoASAFQAw%3D%3D",Dentist,5.0,195
106,India,Rajasthan,Eternal Dental,,,,,8302212757,"https://www.google.com/maps/place/Eternal+Dental/@27.5433679,76.608401,17z/data=!3m1!4b1!4m6!3m5!1s0x39729b0ede1aa69d:0xed0ca75cd5a274e9!8m2!3d27.5433679!4d76.608401!16s%2Fg%2F11pt_10712?authuser=0&hl=en&entry=ttu&g_ep=EgoyMDI2MDYxNi4wIKXMDSoASAFQAw%3D%3D",Dental Clinic,5.0,237
107,India,Rajasthan,Alwar Dental Hospital,,,,,9462635049,"https://www.google.com/maps/place/Alwar+Dental+Hospital/@27.5726906,76.6126273,17z/data=!3m1!4b1!4m6!3m5!1s0x397299ebd2ab1fad:0xa2b50c049fd62b44!8m2!3d27.5726906!4d76.6126273!16s%2Fg%2F11gy9nz6m_?authuser=0&hl=en&entry=ttu&g_ep=EgoyMDI2MDYxNi4wIKXMDSoASAFQAw%3D%3D",Dental Clinic,4.5,39
108,India,Rajasthan,Mahira Dental clinic - Best Dentist In Alwar,,,,,7733918230,"https://www.google.com/maps/place/Mahira+Dental+clinic+-+Best+Dentist+In+Alwar/@27.5672951,76.6337772,17z/data=!3m1!4b1!4m6!3m5!1s0x397299633a120e4f:0x86886d2dc227014e!8m2!3d27.5672951!4d76.6337772!16s%2Fg%2F11r7v3lh5q?authuser=0&hl=en&entry=ttu&g_ep=EgoyMDI2MDYxNi4wIKXMDSoASAFQAw%3D%3D",Dental Clinic,4.6,21
109,India,Rajasthan,vajradanth dental clinic,,,,,9982481081,"https://www.google.com/maps/place/vajradanth+dental+clinic/@27.556411,76.600713,17z/data=!3m1!4b1!4m6!3m5!1s0x3972998134e44c25:0x2c3fb0b909b1d7e4!8m2!3d27.556411!4d76.600713!16s%2Fg%2F1vxw6p5n?authuser=0&hl=en&entry=ttu&g_ep=EgoyMDI2MDYxNi4wIKXMDSoASAFQAw%3D%3D",Dental Clinic,4.9,64
110,India,Rajasthan,Gupta Dental Hospital,,,,,9887343490,"https://www.google.com/maps/place/Gupta+Dental+Hospital/@27.5763677,76.6141473,17z/data=!4m6!3m5!1s0x3972999256045c35:0x2ebec720aecc6a4d!8m2!3d27.5763677!4d76.6141473!16s%2Fg%2F11cly3_3nb?authuser=0&hl=en&entry=ttu&g_ep=EgoyMDI2MDYxNi4wIKXMDSoASAFQAw%3D%3D",Dental Clinic,4.7,24
111,India,Rajasthan,Geeta dental,,,,,7891030042,"https://www.google.com/maps/place/Geeta+dental/@27.5632198,76.6458509,17z/data=!3m1!4b1!4m6!3m5!1s0x39729700777f225f:0x8ae8f49b631cf5f5!8m2!3d27.5632198!4d76.6458509!16s%2Fg%2F11lcz2fw0k?authuser=0&hl=en&entry=ttu&g_ep=EgoyMDI2MDYxNi4wIKXMDSoASAFQAw%3D%3D",Dental Clinic,5.0,86
112,India,Rajasthan,Agrasen Dental Care,,,,,8094199799,"https://www.google.com/maps/place/Agrasen+Dental+Care/@27.5773042,76.6148874,17z/data=!3m1!4b1!4m6!3m5!1s0x3972992a676a3b87:0x57b9990c471f40c3!8m2!3d27.5773042!4d76.6148874!16s%2Fg%2F11j8zv_n89?authuser=0&hl=en&entry=ttu&g_ep=EgoyMDI2MDYxNi4wIKXMDSoASAFQAw%3D%3D",Dental Clinic,5.0,32
113,India,Rajasthan,Sharma Dental Clinic,,,,,7230822911,"https://www.google.com/maps/place/Sharma+Dental+Clinic/@27.5834098,76.6211672,17z/data=!4m6!3m5!1s0x397299c6d621f3dd:0xce4eb8bc20c758d8!8m2!3d27.5834098!4d76.6211672!16s%2Fg%2F11c1nbnxw9?authuser=0&hl=en&entry=ttu&g_ep=EgoyMDI2MDYxNi4wIKXMDSoASAFQAw%3D%3D",Dental Clinic,4.2,126
114,India,Rajasthan,DENTAL OPD - SANIA HOSPITAL,,,,,6376651792,"https://www.google.com/maps/place/DENTAL+OPD+-+SANIA+HOSPITAL/@27.5669587,76.6334965,17z/data=!3m1!4b1!4m6!3m5!1s0x39729997b5fbe7d5:0x5980a93bcfd2852f!8m2!3d27.5669587!4d76.6334965!16s%2Fg%2F11v0c90_1h?authuser=0&hl=en&entry=ttu&g_ep=EgoyMDI2MDYxNi4wIKXMDSoASAFQAw%3D%3D",Dental Clinic,5.0,58
115,India,Rajasthan,Saroj Dental Hospital,,,,,9024684504,"https://www.google.com/maps/place/Saroj+Dental+Hospital/@27.5894389,76.6219071,17z/data=!3m1!4b1!4m6!3m5!1s0x3972994c5b6082e1:0x7ec6acf82d8e24bd!8m2!3d27.5894389!4d76.6219071!16s%2Fg%2F11hm7d7776?authuser=0&hl=en&entry=ttu&g_ep=EgoyMDI2MDYxNi4wIKXMDSoASAFQAw%3D%3D",Dental Clinic,5.0,16
116,India,Rajasthan,"JOSHI DENTAL HOSPITAL ""Implants & Braces Center""",,,,,7597795499,"https://www.google.com/maps/place/JOSHI+DENTAL+HOSPITAL+%22Implants+%26+Braces+Center%22/@27.5687439,76.613182,17z/data=!3m1!4b1!4m6!3m5!1s0x39729993cf8b4bcf:0xd974fe34bbb24edf!8m2!3d27.5687439!4d76.613182!16s%2Fg%2F1hc2d5bmw?authuser=0&hl=en&entry=ttu&g_ep=EgoyMDI2MDYxNi4wIKXMDSoASAFQAw%3D%3D",Dental Clinic,4.6,18
117,India,Rajasthan,Methi Dental Clinic- Braces and Implants Center,,,,,9468616605,"https://www.google.com/maps/place/Methi+Dental+Clinic-+Braces+and+Implants+Center/@27.570427,76.613989,17z/data=!3m1!4b1!4m6!3m5!1s0x39729993c06197b9:0x3a3465e2ba9cbfe5!8m2!3d27.570427!4d76.613989!16s%2Fg%2F11gbzccwxj?authuser=0&hl=en&entry=ttu&g_ep=EgoyMDI2MDYxNi4wIKXMDSoASAFQAw%3D%3D",Dental Clinic,5.0,13
118,USA,San Francisco,Foothill Family Clinic,,,,,14087299700,"https://www.google.com/maps/place/Foothill+Family+Clinic/@37.3569521,-121.8193999,17z/data=!3m1!4b1!4m6!3m5!1s0x808e2d42e88a135d:0x4a98f8df8888f50e!8m2!3d37.3569521!4d-121.8193999!16s%2Fg%2F1pv0v8k_s?authuser=0&hl=en&entry=ttu&g_ep=EgoyMDI2MDYxNi4wIKXMDSoASAFQAw%3D%3D",Medical Clinic,2.8,84
119,USA,San Francisco,San Jose Foothill Family Comm,,,,,14087294282,"https://www.google.com/maps/place/San+Jose+Foothill+Family+Comm/@37.3295301,-121.7970918,17z/data=!3m1!4b1!4m6!3m5!1s0x808e2d428d8ee9ab:0x64346366e08b1fab!8m2!3d37.3295301!4d-121.7970918!16s%2Fg%2F126178hc9?authuser=0&hl=en&entry=ttu&g_ep=EgoyMDI2MDYxNi4wIKXMDSoASAFQAw%3D%3D",Medical Center,4.3,3
120,USA,San Francisco,San Francisco Traffic Clinic,,,,,14155866100,"https://www.google.com/maps/place/San+Francisco+Traffic+Clinic/@37.7568127,-122.388359,17z/data=!3m1!4b1!4m6!3m5!1s0x808f7fba39278973:0x709210b46e20a9d6!8m2!3d37.7568127!4d-122.388359!16s%2Fg%2F1tksj0jv?authuser=0&hl=en&entry=ttu&g_ep=EgoyMDI2MDYxNi4wIKXMDSoASAFQAw%3D%3D",Medical Clinic,3.0,2
121,India,Indore ,Dr. Manish Jain Physiotherapy,N/A,N/A,N/A,N/A,098270 31804,https://maps.google.com/?q=Dr.+Manish+Jain+Physiotherapy+Indore,Physiotherapy Clinic,4.2,174
122,India,Indore ,GNC Classes,N/A,N/A,N/A,N/A,097555 58155,https://maps.google.com/?q=GNC+Classes+Bhanwarkua+Indore,Academic Coaching,4.7,33
123,India,Indore ,Medwin Nursing Academy,N/A,N/A,N/A,N/A,098267 89012,https://maps.google.com/?q=Medwin+Nursing+Academy+Indore,Nursing Coaching,4.8,333
124,India,Indore ,Swaraj Coaching Institute,N/A,N/A,N/A,N/A,0731 245 6789,https://maps.google.com/?q=Swaraj+Coaching+Institute+LIG+Indore,Academic Tuition,4.8,205
125,India,Indore ,Ashirwad Dental Clinic,N/A,N/A,N/A,N/A,098930 11223,https://maps.google.com/?q=Ashirwad+Dental+Clinic+Annapurna+Indore,Dental Clinic,5.0,2
126,India,Gujarat,Gujarat Clinic,N/A,N/A,N/A,N/A,09714866571,https://maps.app.goo.gl/5nvGnTavoY62zp6u5,Clinic,4.6,546
127,India,Delhi,Old Delhi Coaching classes,N/A,N/A,N/A,N/A,09899767303,https://maps.app.goo.gl/Zvb6k4UftUYNLsdw5,Coaching Classes,4.8,18
128,India,Delhi,Vijay classes,N/A,N/A,N/A,N/A,09818071220,https://maps.app.goo.gl/uHvf7npr67QZBKdw9,Coaching Classes,4.5,12
129,India,Delhi,Navya Computer Coaching Center,N/A,N/A,N/A,N/A,08373980048,https://maps.app.goo.gl/KNACo5GoHtGEXSG28,Computer Training,4.8,5
130,India,Delhi,Ashtang Group of Computer Training & Placement Institute,N/A,N/A,N/A,N/A,08527729665,https://maps.app.goo.gl/4prpKN3ktgfv29XQ8,Computer Training,4.6,20
131,India,Delhi,imc computer and coaching center,N/A,N/A,N/A,N/A,09136183233,https://maps.app.goo.gl/wRFdjm49E4UCTpfP9,Computer Training,4.2,8
132,India,Bangalore,Bangalore Homeopathy Center,N/A,N/A,N/A,N/A,09916720230,https://maps.app.goo.gl/dgjKHrFn7DkBtfZz5,Homeopathy Clinic,4.9,45
133,India,Bangalore,Homoeopathy Clinic for Wellness,N/A,N/A,N/A,N/A,08795986919,https://maps.app.goo.gl/5wWZjoEjGRKHeNSq9,Homeopathy Clinic,4.7,15
134,India,Bangalore,Homeo Care Centre,N/A,N/A,N/A,N/A,09902545190,https://maps.app.goo.gl/Jcscjfh4kJ3f9su97,Homeopathy Clinic,4.3,30
135,India,Bangalore,Bangalore Institute of Network Technology : BINT,N/A,N/A,N/A,N/A,08041221234,https://maps.app.goo.gl/a48ujb2RNqkS7XTJ6,Computer Training ,4.4,102
136,India,Maharashtra,Raghav coaching classes,N/A,N/A,N/A,N/A,07350236974,https://maps.app.goo.gl/fzPvnk1UJo79asDH7,Coaching Classes,4.8,6
137,India,Gujarat,British Spoken English Classes,N/A,N/A,N/A,N/A,09601118959,https://maps.app.goo.gl/LeetLCypFGUq44fU7,Spoken English,4.9,55
138,India,Maharashtra,Somani Dental Clinic,N/A,N/A,N/A,N/A,07566983598,https://maps.app.goo.gl/okiee5tg3gZkNUVV8,Dental Clinic,4.7,12
139,India,Gujarat,Florence Nurses Academy,N/A,N/A,N/A,N/A,09409456909,https://maps.app.goo.gl/nSqw8ZgwUK19Gdxz7,Nursing Coaching,4.8,25
140,USA,San Francisco,"Colleen P. Huff, PT",N/A,N/A,N/A,N/A,+14152028788,https://maps.app.goo.gl/8ohfVG6iN8Nds9jr6,Physiotherapy Clinic,5.0,3
141,USA,Las Vegas,"IGNITE Online: Grades, Tutoring, & Test Prep",N/A,N/A,N/A,N/A,+17027512580,https://maps.app.goo.gl/G5d3wb2Sd8jkJQHN7,Test Preparation Centre,4.9,80
142,USA,Texas,Texas Computer Training Institute,N/A,N/A,N/A,N/A,+18063723700,https://maps.app.goo.gl/uHs1v7xTq6kM9Bmu8,Computer Training,4.5,14
143,USA,Los Angeles,N-Care Physical Therapy Inc,N/A,N/A,N/A,N/A,+13232616100,https://maps.app.goo.gl/nKR8Q2eqkxUSB9GC9,Physiotherapy Clinic,4.2,40
144,USA,California,American CNA School,N/A,N/A,N/A,N/A,+13109109011,https://maps.app.goo.gl/krWvzQZmnwQ7evyR7,Nursing Coaching,4.7,60
145,USA,San Francisco,SF Wellness Coaching,N/A,N/A,N/A,N/A,+18779572622,https://maps.app.goo.gl/UyrVYGtsnZE8zb5s7,Wellness Coaching,4.9,22
146,USA,San Francisco,Dana Clark Coaching,N/A,N/A,N/A,N/A,+14158572353,https://maps.app.goo.gl/sWrMyVpjfVNvxhuD7,Life Coach,5.0,15
147,India,Gujarat,"AKSHAR COMPUTER EDUCATION, GUJARAT COMPUTER TRAINING INSTITUTE (Govt. of India)",N/A,N/A,N/A,N/A,09998442282,https://maps.app.goo.gl/sfrdD2Rd4pbmYfXq6,Education Center,4.7,88
148,India,Delhi,RAMAKRISHNA MISSION COMPUTER TRAINING CENTRE & VIVEKANANDA READING ROOM,N/A,N/A,N/A,N/A,08810239704,RAMAKRISHNA MISSION COMPUTER TRAINING CENTRE & VIVEKANANDA READING ROOM,Computer Training,4.8,42
149,India,Delhi,Sinha Physiotherapy Clinic & Rehabilition,N/A,N/A,N/A,N/A,09582392299,https://maps.app.goo.gl/tVQhLBToKSyQSaek6,Physiotherapy Clinic,4.6,35
150,India,Delhi,Bansal physiotherapy centre,N/A,N/A,N/A,N/A,09990343536,https://maps.app.goo.gl/HcHN3z22DxwbTgFG9,Physiotherapy Clinic,4.4,18
151,India,Delhi,Online Advanced english speaking,N/A,N/A,N/A,N/A,09999041438,https://maps.app.goo.gl/7GHsz8N4fJ7JhZWHA,Spoken English,4.5,27
152,India,Gujarat,Dhanwantri Clinic,N/A,N/A,N/A,N/A,09448854443,https://maps.app.goo.gl/K7bNLeHnXUjLeTbK8,Medical Clinic,4.3,12
153,India,Delhi,Speaking English Language Academy,N/A,N/A,N/A,N/A,09891611112,https://maps.app.goo.gl/4xbTgnemcjHVb3Vj9,Spoken English,4.6,55
154,India,Bangalore,Physiogenix Physiotherapy and Rehabilitation centre,N/A,N/A,N/A,N/A,09060404548,https://maps.app.goo.gl/8VpqxYgG9a1Yx3VJ9,Physiotherapy Clinic,4.8,92
155,India,Maharashtra,Scylla Computer MS - CIT Center,N/A,N/A,N/A,N/A,07020503313,https://maps.app.goo.gl/QVdVViJjDeJuuSLs9,Computer Training,4.2,11
156,India,Delhi,SHAHNAWAZ ALAM ELECTRICAL SERVICE,N/A,N/A,N/A,N/A,07827527458,https://maps.app.goo.gl/cm7YdYH2H5sNmg969,Electrician Service,5.0,5
157,India,Gujarat,Sahaj Mobile repairing centre,N/A,N/A,N/A,N/A,09924313900,https://maps.app.goo.gl/FDqroiDHfRDKnFmJA,Mobile Repairing,4.7,14
158,India,Maharashtra,Shree ganesh mobile & Electronics - best mobile Repairing shop in dombivali,N/A,N/A,N/A,N/A,09768682020,https://maps.app.goo.gl/eTTdtmM8xTgcad9u5,Mobile Repairing,4.9,76
159,India,Maharashtra,Shelke Plumbing,N/A,N/A,N/A,N/A,08007005398,https://maps.app.goo.gl/G8oSfkZesucdsJrz5,Plumbing,4.5,20
160,India,Maharashtra,Mumbai Ac Repair Service Center,N/A,N/A,N/A,N/A,08652154480,https://maps.app.goo.gl/F6Ls45UbFvvEU8mC6,AC Repairing,4.1,68
161,India,Gujarat,Star Enterprise ( Ac repair & Service ),N/A,N/A,N/A,N/A,08141078497,https://maps.app.goo.gl/XZLLsQ8sU9ztrpNZ8,AC Repairing,4.6,31
162,India,Bangalore,Raytec Computer Education,N/A,N/A,N/A,N/A,09845544930,https://maps.app.goo.gl/aHn8JjGB2Vs5NojG7,Computer Training,4.4,45
163,India,Delhi,Old Delhi Coaching classes,N/A,N/A,N/A,N/A,09899767303,https://maps.app.goo.gl/whRcHgJNZuo9duTo7,Education Center,4.2,10
164,India,Gujarat,A.M. Electrical Services,N/A,N/A,N/A,N/A,09924415593,https://maps.app.goo.gl/36X94NxDkczbjWqg8,Electrician Service,4.8,19
165,India,Bangalore,T_S AC service,N/A,N/A,N/A,N/A,07321988287,https://maps.app.goo.gl/wQKDdW6bm4pDcnDs6,AC Repairing,4.3,8
166,India,Delhi,PhysioWellCare Clinic - ORTHO-NEURO-SPORTS INJURIES,N/A,N/A,N/A,N/A,09311873836,https://maps.app.goo.gl/x9UkuNqpwLGDVTZ98,Physiotherapy Clinic,4.7,28
167,India,Bangalore,Regain Physiotherapy Centre-Adugodi,N/A,N/A,N/A,N/A,09740812674,https://maps.app.goo.gl/tA2fmdyB1PJG3X4G9,Physiotherapy Clinic,4.5,15
168,India,Delhi,Dr. H.G.Uppal & Sons Dental Clinic,N/A,N/A,N/A,N/A,09268240971,https://maps.app.goo.gl/qoKH4GBeFLKKZfrG8,Dental Clinic,4.9,60
169,India,Delhi,AL IQRA AZEEM INSTITUTE,N/A,N/A,N/A,N/A,09354242160,https://maps.app.goo.gl/d5eUP3dV3B6RdCMt6,Education Center,4.8,12
170,India,Delhi,Life health care clinic and dental clinic,N/A,N/A,N/A,N/A,08802782745,https://maps.app.goo.gl/m3k4TVgQh2nRsgbb9,Dental Clinic,4.3,22
171,India,Gujarat,Manas Academy - GPSC | UPSC | CCE | Police Exam Coaching in Ahmedabad,N/A,N/A,N/A,N/A,07228937808,https://maps.app.goo.gl/nnfD6WxXiX9CZZi39,Coaching Center,4.9,145
172,India,Bangalore,"Vision Classes, Ulsoor | 9 to 12 Coaching, Tuition | PUC, CBSE, ICSE, State",N/A,N/A,N/A,N/A,08050347084,https://maps.app.goo.gl/PbS8d4M16Wr9UAmo7,Coaching Center,4.6,48
173,India,Gujarat,Shree Hari Electric,N/A,N/A,N/A,N/A,07284076376,https://maps.app.goo.gl/r57JRyMzgJsH5koV9,Electrician Service,4.5,9
174,India,Delhi,R.K MOBILE REPAIRING,N/A,N/A,N/A,N/A,08010183586,https://maps.app.goo.gl/KpWvMGbVrquRkMYcA,Mobile Repairing,4.4,33
175,India,Gujarat,Gujrat Car Deal,N/A,N/A,N/A,N/A,09879413214,https://maps.app.goo.gl/DyzDxEVCpBBKT1Vz9,Car Dealer,4.8,41
176,India,Delhi,Chhabra Physiotherapy Clinic,N/A,N/A,N/A,N/A,09811120210,https://maps.app.goo.gl/Jk35ed9S7kp3ZRtK8,Physiotherapy Clinic,4.7,19
177,India,Bangalore,Kiran Tutorials (Coaching Center Bangalore),N/A,N/A,N/A,N/A,09886134686,https://maps.app.goo.gl/mMjxedqqLifYjYAZ6,Education Center,4.5,52
178,India,Delhi,Nanaksar Bikes,N/A,N/A,N/A,N/A,09810562223,https://maps.app.goo.gl/ViksDyHbLT1wA4vh8,Bicycle Deal,4.6,105
179,India,Delhi,The Oriental Fruits Mart,N/A,N/A,N/A,N/A,01141517456,https://maps.app.goo.gl/HqLgrKGwMVv9KtqC7,Fruit Shop,4.8,210
180,India,Bangalore,Sapphire Toys,N/A,N/A,N/A,N/A,08041313206,https://maps.app.goo.gl/ngEUQpQnnLAcWubu5,Toys Store,4.4,85
181,India,Maharashtra,Maharashtra Shoe World,N/A,N/A,N/A,N/A,02226863750,https://maps.app.goo.gl/WkMRK1DrLi3qfFdC7,Shoe Store,4.9,38
182,India,Gujarat,Jay Sadi Selection,N/A,N/A,N/A,N/A,09879875316,https://maps.app.goo.gl/m1GXttRcRT5571Sf7,Women Store,4.7,56
183,India,Maharashtra,"Sundaram Study Center -Coaching Institute for Foundation,NEET,Civil Services Aspirants",N/A,N/A,N/A,N/A,07768896133,https://maps.app.goo.gl/JN2WrSN2bCX63tkd7,Education Center,4.7,56
184,India,Bangalore,Speak To Achieve Spoken English Centre,N/A,N/A,N/A,N/A,09164164000,https://maps.app.goo.gl/be5hHTt5zrZegak48,Spoken English,4.8,32
185,India,Maharashtra,HARI KRISHNA CLINIC,N/A,N/A,N/A,N/A,08446516953,https://maps.app.goo.gl/LAeUZiLzBv8mmX8o9,Clinic,4.2,18
186,India,Bangalore,WE CARE mobile phone repairing Centre,N/A,N/A,N/A,N/A,09048544489,https://maps.app.goo.gl/3MZ8K7qpyHYZt4bbA,Mobile Repairing,4.5,25
187,India,Delhi,Madaan Electric Store,N/A,N/A,N/A,N/A,09958280028,https://maps.app.goo.gl/wKtCJSgVDEeHWB8K9,Electric Shop,4.6,14
188,India,Delhi,Dr Mannu Bhatia,N/A,N/A,N/A,N/A,09810397286,https://maps.app.goo.gl/HuouP59emQ8q3KMdA,Orthopedic Clinic,4.9,85
189,India,Bangalore,Vanisha orthopaedic center Dr. Chetan Rai Orthopaedic joint trauna and sports medicine specialist surgeon,N/A,N/A,N/A,N/A,09341261874,https://maps.app.goo.gl/EYqk6UCTedCSdF9t6,Orthopedic Clinic,4.7,42
190,India,Delhi,"Shri Shyam Ji Nursing Institute, Delhi",N/A,N/A,N/A,N/A,07330500000,https://maps.app.goo.gl/zS1kLbWUiNEytyhG6,Nursing Coaching,4.6,27
191,India,Delhi,Shri Venkatesh Tuition Classes by Madhu Sharma,N/A,N/A,N/A,N/A,09131757404,https://maps.app.goo.gl/9NaokMfDrVsaM1xu9,Education Center,4.5,19
192,India,Delhi,FITNESS ZONE PHYSIOTHERAPY CENTRE,N/A,N/A,N/A,N/A,07500622642,https://maps.app.goo.gl/eGM1KrTzs5UDCvcr9,Physiotherapy Clinic,4.8,38
193,India,Gujarat,Rupal Madam English Learning Classes,N/A,N/A,N/A,N/A,07203033980,https://maps.app.goo.gl/cgGeEg9gGh1cCZoq7,Education Center,4.9,64
194,India,Gujarat,Aarshdeep dental clinic,N/A,N/A,N/A,N/A,08511111566,https://maps.app.goo.gl/ipocZrbVM7qvytm66,Dental Clinic,4.7,21
195,India,Gujarat,Dental32 multispecialty dental clinic & Implant center,N/A,N/A,N/A,N/A,09512595399,https://maps.app.goo.gl/RhrVscCMVL8oAKUP9,Dental Clinic,4.8,95
196,India,Gujarat,Dot Computer Education,N/A,N/A,N/A,N/A,09824868931,https://maps.app.goo.gl/XNWgPj4KJLmc517X6,Computer Training,4.6,30
197,India,Delhi,Gurbanee Clinic,N/A,N/A,N/A,N/A,09815308897,https://maps.app.goo.gl/7vNv6iq1qDAB8QdS8,Medical Clinic,4.4,15
198,India,Bangalore,Engineering Coaching Institute Bangalore - SR Academy,N/A,N/A,N/A,N/A,09036182856,https://maps.app.goo.gl/7N579VXgiqSXrten6, Coaching Classes,4.7,52
199,India,Maharashtra,Maharashtra Fruits and Vegetable,N/A,N/A,N/A,N/A,09890095949,https://maps.app.goo.gl/tnmV22R5tiVcpevc7,Fruit Shop,4.3,40
200,India,Delhi,Dr Gopal Verma Jyoti Eye Centre,N/A,N/A,N/A,N/A,01123584811,https://maps.app.goo.gl/NLV84Q85vbwP4wk3A,Eye Center,4.8,110
201,India,Gujarat,Netravarni Eye Hospital,N/A,N/A,N/A,N/A,07984147323,https://maps.app.goo.gl/LTxAxgsUfMevbtPU9,Eye Center,4.7,72
202,India,Delhi,Back in action physiotherapy clinic,N/A,N/A,N/A,N/A,08800673373,https://maps.app.goo.gl/WvsYQqppATQnsXeZ6,Physiotherapy Clinic,4.6,29
203,India,Bangalore,"Glo physiotherapy and pain management , pancha karma centre in Vijaynagar Bangalore",N/A,N/A,N/A,N/A,08123454937,https://maps.app.goo.gl/QKcnne78NmZdcKtu6,Physiotherapy Clinic,4.9,66
204,India,Maharashtra,Alex English Speaking Classes,N/A,N/A,N/A,N/A,09850780442,https://maps.app.goo.gl/acFbqqptYg5g13n37,Spoken English,4.5,24
205,India,Delhi,Physiosthaan Rehabilitation Center,N/A,N/A,N/A,N/A,07011183464,https://maps.app.goo.gl/gyuqJPPcjDMpHEhw9,Physiotherapy Clinic,4.8,35
206,India,Delhi,Apex Library,N/A,N/A,N/A,N/A,08178153460,https://maps.app.goo.gl/ZuA1Yt1sT2vTYS518,Education Center,4.5,60
207,India,Delhi,Scholar Academy,N/A,N/A,N/A,N/A,09871337569,https://maps.app.goo.gl/8avECzwH9Z61Q7GP7,Education Center,4.7,45
208,India,Delhi,KOHLI CLINIC,N/A,N/A,N/A,N/A,09810868778,https://maps.app.goo.gl/qtP8q4Jq88NFw3QN6,Clinic,4.4,20
209,India,Delhi,Mathur Dental Clinic,N/A,N/A,N/A,N/A,08826427573,https://maps.app.goo.gl/5JzphB23CbgKSrWKA,Dental Clinic,4.6,32
210,India,Maharashtra,S S Electrical Services,N/A,N/A,N/A,N/A,09689207132,https://maps.app.goo.gl/kZgSUeMXFA5NL6y37,Electric shop,4.7,15
211,India,Maharashtra,Sarthi Electronics Sales & Service,N/A,N/A,N/A,N/A,07040152471,https://maps.app.goo.gl/GwxmbwtYTRPBZeeN8,Electric shop,4.5,28
212,India,Delhi,M.S. physiotherapy Clinic,N/A,N/A,N/A,N/A,08882529381,https://maps.app.goo.gl/mZtgWPbpRmw4mpnS9,Physiotherapy Clinic,4.8,40
213,India,Delhi,Online Advanced english speaking,N/A,N/A,N/A,N/A,09999041438,https://maps.app.goo.gl/Ng9UHLnEV8AFUn2v5,Spoken English,4.5,27
214,India,Gujarat,Om computer classes,N/A,N/A,N/A,N/A,09426437338,https://maps.app.goo.gl/G1mFVQmuCZUXcTKH9,Computer Training,4.6,33
215,India,Gujarat,Om Eye Clinic,N/A,N/A,N/A,N/A,09825629587,https://maps.app.goo.gl/HypnZy38TMR3wJuz8,Eye Center,4.7,50
216,India,Bangalore,Educare Solutions,N/A,N/A,N/A,N/A,07624874655,https://maps.app.goo.gl/gB1b8C4jwya4Z3C37,Education Center,4.4,22
217,USA,Texas,CPR BLS ACLS PALS Classes Humble Texas,N/A,N/A,N/A,N/A,+1310-692-3915,https://maps.app.goo.gl/dnFRCswBDU9tWSnm8,Training Center,4.9,105
218,USA,Los Angeles,1100 USC General Hospital Eye Clinic,N/A,N/A,N/A,N/A,+132-3409-5227,https://maps.app.goo.gl/6cFVrp3MYNJVPZuZ8,Eye Center,4.2,80
219,USA,Los Angeles,West Pico Orthopaedic & Sport medicine Clinic,N/A,N/A,N/A,N/A,+1323-525-0101,https://maps.app.goo.gl/dNbMa3mWbSnEq5CY8,Orthopaedic Clinic,4.5,55
220,India,Bangalore,Bangalore Polyclinic,N/A,N/A,N/A,N/A,08022442795,https://maps.app.goo.gl/dARAJarbJyPuvbDZ6,Polyclinic,4.3,42
221,India,Gujarat,Apex Spoken English Institute,N/A,N/A,N/A,N/A,09327278247,https://maps.app.goo.gl/Hc8ooUTdY8UZxJ8c7,Spoken English,4.8,60
222,India,Gujarat,English Language Classes,N/A,N/A,N/A,N/A,09426415198,https://maps.app.goo.gl/1sxete5r51zwfFnVA,Spoken English,4.6,38
223,India,Maharashtra,Takalkar Eye Care & Contact Lens Clinic,N/A,N/A,N/A,N/A,07350048952,https://maps.app.goo.gl/ZTd1tm7ABgV1LXXy7,Eye Center,4.7,75
224,USA,Las Vegas,Buena Vision Optometry,N/A,N/A,N/A,N/A,+1702-631- 4144,https://maps.app.goo.gl/a6Memr64TyYxN6ke9,Eye Center,4.9,92
225,India,Delhi,Skin Care Clinic Sanjiv Jain,N/A,N/A,N/A,N/A,01123261880,https://maps.app.goo.gl/oCauEqU4XYV7A8xbA,Skin Care,4.6,48
226,India,Gujarat,Shekhat Skin clinic,N/A,N/A,N/A,N/A,09909977788,https://maps.app.goo.gl/gpJPZrTYwYLhbZf66,Skin Care,4.5,25
227,India,Gujarat,Hadvaid Clinic,N/A,N/A,N/A,N/A,09638081112,https://maps.app.goo.gl/VZxGUBshQepFc9vv5,Bone&Joint Clinic,4.7,30
228,India,Delhi,Delhi Electronic,N/A,N/A,N/A,N/A,07631305896,https://maps.app.goo.gl/nV6o9XAo3SwDzNxg7,Electric shop,4.3,12
229,India,Bangalore,TMC COMPUTER EDUCATION CENTRE,N/A,N/A,N/A,N/A,08861280740,https://maps.app.goo.gl/FFWteZau961BYUEW8,Computer Training,4.8,55
230,India,Maharashtra,Prawas Computer Institute & csc,N/A,N/A,N/A,N/A,09421815736,https://maps.app.goo.gl/KTLYnCsw8TAJMKzV9,Computer Training,4.6,22
231,India,Bangalore,B.J.P.M. Coaching​ Centre.,N/A,N/A,N/A,N/A,09902284890,https://maps.app.goo.gl/diXae4E8jGuRR2ST7,Coaching Center,4.7,40
232,India,Bangalore,Stanford Coaching Classes,N/A,N/A,N/A,N/A,09740054278,https://maps.app.goo.gl/TVKsnrDoXkHJEwhh9,Coaching Center,4.5,35
233,India,Bangalore,"Indira's Coaching Centre : Coaching for 11th, 12th & Degree Students",N/A,N/A,N/A,N/A,09343344428,https://maps.app.goo.gl/QYabXbQgrSra48ma9,Coaching Center,4.6,28
234,India,Gujarat,Adhyayan Coaching Institute,N/A,N/A,N/A,N/A,09898333426,https://maps.app.goo.gl/zV2aRkgna66w5t8J6,Coaching Center,4.7,50
235,India,Delhi,Guru Nanak Dev Ji Dental Clinic,N/A,N/A,N/A,N/A,09660398204,https://maps.app.goo.gl/Lr6tTh6PFQdfGm7H9,Dental Clinic,4.6,22
236,India,Gujarat,Darshana Shah's English Academy - Spoken English Classes | Best Spoken English Class In Ahmedabad,N/A,N/A,N/A,N/A,09173627960,https://maps.app.goo.gl/AoZgWpkYrMWNvk5B8,Spoken English,4.9,55
237,India,Gujarat,Unique Spoken And General English,N/A,N/A,N/A,N/A,06352247193,https://maps.app.goo.gl/E2GUCLgmYrNcTcge7,Spoken English,4.5,18
238,India,Delhi,Tara sports academy,N/A,N/A,N/A,N/A,09971535507,https://maps.app.goo.gl/THYw1XJqCu89bdkQ9,Sports Training,4.7,35
239,India,Gujarat,EXCELLENCE ACADEMY,N/A,N/A,N/A,N/A,08000474722,https://maps.app.goo.gl/EwLuUFiSwb8S6M1Z9,Sports Training,4.8,42
240,India,Bangalore,"Star Makers Academy - SUMMER CAMP - Dance - Abacus - Chess - Art & Craft - Guitar - Keyboard, Tuition Classes & More",N/A,N/A,N/A,N/A,09945180789,https://maps.app.goo.gl/w69L4qR4gdKsdsfa6,Dance Classes,4.9,110
241,India,Gujarat,Maniax Dance Academy - Best Dance Classes in Rajkot & Best Wedding Choreographer in Rajkot & Events in Rajkot,N/A,N/A,N/A,N/A,09998911133,https://maps.app.goo.gl/fbDnPV2etnDQhNp47,Dance Classes,4.8,85
242,India,Bangalore,NEW GARDEN CITY CLINIC,N/A,N/A,N/A,N/A,09008205883,https://maps.app.goo.gl/FidV2yGomL7KFWJq8,Clinic,4.3,15
243,India,Maharashtra,Dhane Coaching Classes Nagthane,N/A,N/A,N/A,N/A,08329298112,https://maps.app.goo.gl/NgN8SBEYo5MZ88mA7,Coaching Center,4.6,28
244,India,Gujarat,Araga Smile Design Dental Clinic,N/A,N/A,N/A,N/A,09054372751,https://maps.app.goo.gl/Myaevgfap2CyUnJL8,Dental Clinic,4.9,40
245,India,Delhi,Manav coaching center,N/A,N/A,N/A,N/A,08587080023,https://maps.app.goo.gl/NreX6qpj5TC2F5yJ9,Coaching Center,4.5,22
246,India,Delhi,Heal Wave- Physiotherapy and Rehab Solutions,N/A,N/A,N/A,N/A,09871547938,https://maps.app.goo.gl/RDvaGJgPbNDPRRJq8,Physiotherapy Clinic,4.8,33
247,India,Gujarat,Aarambh ENT Clinics(Dr Jagamal Ghusar ),N/A,N/A,N/A,N/A,09537158855,https://maps.app.goo.gl/BhcaXwWfRWtkX7Ti7,ENT Clinic,4.7,50
248,India,Maharashtra,SHRAVAN ENT CLINIC,N/A,N/A,N/A,N/A,09224495205,https://maps.app.goo.gl/gaChFgNxBXfZSS5a6,ENT Clinic,4.6,25
249,India,Bangalore,Crystal ENT Care Centre,N/A,N/A,N/A,N/A,08762056728,https://maps.app.goo.gl/kZVikt8shWPLdnuA6,ENT Clinic,4.5,18
250,India,Gujarat,BITCOM COMPUTER EDUCATION,N/A,N/A,N/A,N/A,09979621963,https://maps.app.goo.gl/tK5HrwDuhZuAqysj7,Computer Training,4.4,20
251,India,Delhi,Navya Electricals,N/A,N/A,N/A,N/A,09654848582,https://maps.app.goo.gl/Q69MV9m9ga1bSPMw6,Electric Shop,4.6,12
252,India,Bangalore,Excel Computer Training Centre (ECTC),N/A,N/A,N/A,N/A,09731183318,https://maps.app.goo.gl/wfc7zDjcRDdkorHM7,Computer Training,4.7,45
253,India,Maharashtra,DATABASE COMPUTERS,N/A,N/A,N/A,N/A,07775899913,https://maps.app.goo.gl/jq1TwEmTcHL5nZMD7,Computer Training,4.8,30
254,India,Gujarat,Drashti Eye Vision Care ( Optical Shop),N/A,N/A,N/A,N/A,06353348249,https://maps.app.goo.gl/rsG3QVRXPPvnNToF6,Optical Shop,4.7,38
255,India,Delhi,Mahavir nethralaya,N/A,N/A,N/A,N/A,08700681736,https://maps.app.goo.gl/G5aCTo7UPh3fc9Mg6,Eye Center,4.5,22
256,India,Delhi,"Capital Eye Centre & Polyclinic – Eye Specialist & Cataract Clinic in Malviya Nagar & Greater Kailash, South Delhi",N/A,N/A,N/A,N/A,09870182929,https://maps.app.goo.gl/Y1GQBoP3pqXxdosU9,Eye Center,4.9,130
257,India,Delhi,Sethi ENT Clinic,N/A,N/A,N/A,N/A,09811338978,https://maps.app.goo.gl/xsBSuzfTzEgUFANx5,ENT Clinic,4.6,28
258,India,Bangalore,Shree Coaching Centre,N/A,N/A,N/A,N/A,09986796903,https://maps.app.goo.gl/4LTw3wsCvAcHAAPJ8,Coaching Center,4.4,15
259,India,Bangalore,Mahaveer Electric Corporation,N/A,N/A,N/A,N/A,08041625734,https://maps.app.goo.gl/byiDHXSJUfWfto117,Electric Shop,4.7,42
260,India,Bangalore,Meenakshi Electric Corporation- Anchor electrical product Distributor,N/A,N/A,N/A,N/A,09980108100,https://maps.app.goo.gl/u1ipvksSMYMZ8PfB8,Electric Shop,4.8,55
261,India,Delhi,Superlative Coaching Institute,N/A,N/A,N/A,N/A,09999414411,https://maps.app.goo.gl/rbPDfw5z6eTeJBgR9,Coaching Center,4.5,20
262,India,Delhi,Paradise Study Center,N/A,N/A,N/A,N/A,09818610098,https://maps.app.goo.gl/KhxkZmy62raA5xTG9,Coaching Center,4.6,32
263,India,Maharashtra,Satpuda Coaching Zone,N/A,N/A,N/A,N/A,08999171231,https://maps.app.goo.gl/2Box5cX9NYjR3qvz5,Coaching Center,4.4,18
264,India,Bangalore,"SMA Computer Training Academy (Basics, Advance Excel, Tally Prime GST, C, C++, Java, Python, Institute) RT Nagar, Ganganagar",N/A,N/A,N/A,N/A,09964473721,https://maps.app.goo.gl/DGH4cGyLutVy2voh7,Computer Training,4.9,72
265,India,Gujarat,Xpert Spoken English & IELTS Class,N/A,N/A,N/A,N/A,09898344601,https://maps.app.goo.gl/FLpu47bPpbDSs4Cy9,English Spoken,4.7,42
266,India,Bangalore,"Eyephoria Opticals & Eye Clinic - Zeiss, Crizal",N/A,N/A,N/A,N/A,08618065035,https://maps.app.goo.gl/L6mSSagEDRtnX5nr5,Eye Center,4.8,35
267,India,Maharashtra,DR.ASATI'S DENTAL CLINIC,N/A,N/A,N/A,N/A,08369112678,https://maps.app.goo.gl/TPjPF3hyD2rE58jT7,Dental Clinic,4.6,28
268,India,Delhi,Dwarkadheesh IT Skill Training Centre,N/A,N/A,N/A,N/A,09599865699,https://maps.app.goo.gl/dmVKX4sS9jGdVGaJ9,Training Center,4.5,15
269,India,Bangalore,Sri Sai Ram Computers,N/A,N/A,N/A,N/A,08088207585,https://maps.app.goo.gl/smCGydhU8Pot3a668,Computer Training,4.4,22
270,India,Bangalore,DR SHIVARAM HR MBBS MD DNB FIPC (VIVEKS MULTISPECIALITY CLINIC) kanakapura road branch,N/A,N/A,N/A,N/A,07676602624,https://maps.app.goo.gl/WbZhiBajyqjCmBMN9,Clinic,4.8,65
271,India,Gujarat,Swastik Physiotherapy Center,N/A,N/A,N/A,N/A,09173302733,https://maps.app.goo.gl/eRpf7pcjgotcrupb8,Physiotherapy Center,4.7,30
272,India,Delhi,"Locus Academy - IIT JEE, NEET, Medical, JE/AE (civil) Coaching in Delhi [Offline/Online]",N/A,N/A,N/A,N/A,07060668621,https://maps.app.goo.gl/Hwg8b53wLubb9uJg8,Coaching Center,4.9,115
273,India,Maharashtra,Yash Classes Dipak Patil (MATOSHREE),N/A,N/A,N/A,N/A,08263002977,https://maps.app.goo.gl/QfYJRar8FWs1hcKs7,Coaching Center,4.5,25
274,India,Maharashtra,GAVADE EYE CLINIC AND OPTICALS (Opticals And Contact Lens Expert),N/A,N/A,N/A,N/A,07057966505,https://maps.app.goo.gl/rbwncP9AsTS1PUwn7,Eye Center,4.6,40
275,India,Gujarat,Angel Orthopedic Hospital,N/A,N/A,N/A,N/A,09879105947,https://maps.app.goo.gl/1JiQw1j42hmtGqPz9,Orthopedic Center,4.8,52
276,India,Delhi,MiniStep Mobile Repair Online Service,N/A,N/A,N/A,N/A,09999788847,https://maps.app.goo.gl/AuztgvdWve5m7GDY8,Mobile Repairing,4.3,18
277,India,Maharashtra,Vinod Cycle Repair,N/A,N/A,N/A,N/A,07020315803,https://maps.app.goo.gl/bJHPoCcTibKNjWWAA,Cycle Repairing,4.5,12
278,India,Delhi,Suyash Physiotherapy pain & rehabilitation clinic,N/A,N/A,N/A,N/A,09811237983,https://maps.app.goo.gl/cUpgao9M6m6kKR9x8,Physiotherapy Center,4.7,36
279,India,Delhi,Nipun Ent and multi speciality center,N/A,N/A,N/A,N/A,09354173873,https://maps.app.goo.gl/WdW4QhHCY9Acf2Hd7,ENT Clinic ,4.6,27
280,India,Bangalore,DIIT- Spoken English and Computer Training center..,N/A,N/A,N/A,N/A,09036048239,https://maps.app.goo.gl/ogaM6UmRGpXXg3sR6,Spoken & Computer Training Center,4.8,58
281,India,Delhi,NF.Computer Centre.,N/A,N/A,N/A,N/A,08178811911,https://maps.app.goo.gl/1CeK89e5Mo9cKwsn9,Computer Training,4.4,15
282,India,Gujarat,Sk Education and Computer Academy,N/A,N/A,N/A,N/A,09427334892,https://maps.app.goo.gl/XF8kQ831ebGUVZJh8,Computer Training,4.6,29
283,India,Delhi,Jain Commercial Institute,N/A,N/A,N/A,N/A,09868239101,https://maps.app.goo.gl/5gbQxABAuMASEcVk9,Commercial Institute,4.5,20
284,India,Gujarat,Soft Tech Computer classes,N/A,N/A,N/A,N/A,09978277542,https://maps.app.goo.gl/oAwTVggnrnr96K8L6,Computer Training,4.7,34
285,India,Gujarat,Ved Engineering Tuition Classes,N/A,N/A,N/A,N/A,08238790800,https://maps.app.goo.gl/anTvSU59q6KnpbX26,Coaching Center,4.8,45
286,India,Delhi,A TO Z Training institute,N/A,N/A,N/A,N/A,09810437008,https://maps.app.goo.gl/NBKnXd2AcDf1APx86,Training Center,4.6,26
287,India,Bangalore,Macro Training Services,N/A,N/A,N/A,N/A,07899454561,https://maps.app.goo.gl/2btApGw8GMrhtSXR8,Training Center,4.5,31
288,India,Bangalore,Just Train Me,N/A,N/A,N/A,N/A,08884915225,https://maps.app.goo.gl/BxuWbkB63qc8UVwD9,Software Training,4.9,70